ID,FirstName,LastName,isSittingMP,Votes,PartyID
1,Aaron,Bell,0,23485,16
2,Aaron,Chahal,0,3357,29
3,Aaron,Hudson,0,621,23
4,Aaron,Rankin,0,1043,16
5,Abdul,Turay,0,527,8
6,Abena,Oppong-Asare,0,19882,26
7,Adam,Afriyie,1,31501,16
8,Adam,Bernard,0,3791,29
9,Adam,Boyden,0,17017,29
10,Adam,Brown,0,224,30
11,Adam,Carter,0,2090,29
12,Adam,Cleary,0,837,23
13,Adam,Colclough,0,819,20
14,Adam,Freeman,0,8270,26
15,Adam,Gannon,0,3446,46
16,Adam,Gregg,0,10377,16
17,Adam,Heatherington,0,1921,8
18,Adam,Holloway,1,29580,16
19,Adam,Imanpour,0,13211,26
20,Adam,Shakir,0,462,8
21,Adam,Thompson,0,12210,26
22,Adam,Wain,0,2681,29
23,Adam,Waller-Slack,0,1226,29
24,Adam,Wordsworth,0,22210,16
25,Adam,Zerny,0,2525,23
26,Ade,Adeyemo,0,9977,29
27,Ade,Aibinu,0,6022,16
28,Ade,Fatukasi,0,5039,29
29,Adrian,Gee-Turner,0,6048,29
30,Adrian,Heald,0,12457,26
31,Adrian,Holmes,0,1078,20
32,Adrian,Hyyrylainen-Trett,0,2439,29
33,Adrian,Kingston-Jones,0,1485,29
34,Adrian,Myers,0,429,23
35,Adrian,Pepper,0,14263,16
36,Adrian,Spurrell,0,960,20
37,Afzal,Khan,1,34583,26
38,Ahmad,Wattoo,0,6081,26
39,Ahmed,Ejaz,0,14287,16
40,Aidan,King,0,1631,29
41,Aisha,Cuthbert,0,10317,16
42,Aisha,Mir,0,4991,29
43,Akaal,Sidhu,0,6742,16
44,Akheil,Mehboob,0,288,23
45,Akil,Kata,0,119,23
46,Alan,Beal,0,3819,29
47,Alan,Black,0,344,47
48,Alan,Booth,0,3042,20
49,Alan,Borgars,0,508,20
50,Alan,Brown,1,24216,43
51,Alan,Bullion,0,2503,29
52,Alan,Butcher,0,10018,26
53,Alan,Campbell,1,26928,26
54,Alan,Chambers,0,4936,64
55,Alan,Dorkins,0,261,23
56,Alan,Francis,0,1495,20
57,Alan,Graves,0,1908,8
58,Alan,Graves,0,1177,8
59,Alan,Hilliar,0,6920,29
60,Alan,Hope,0,576,33
61,Alan,Love,0,315,63
62,Alan,Mackenzie,0,7110,26
63,Alan,Mak,1,30051,16
64,Alan,McCarthy,0,1240,8
65,Alan,Reid,0,6832,29
66,Alan,Stone,0,746,23
67,Alan,Victor,0,812,23
68,Alan,Whitehead,1,22256,26
69,Alana,Bates,0,3553,26
70,Alasdair,Keddie,0,2049,20
71,Alasdair,Pinkerton,0,16009,29
72,Alastair,McQuillan,0,2875,20
73,Alberto,Costa,1,36791,16
74,Alec,Sandiford,0,4412,29
75,Alec,Shelbrooke,1,33726,16
76,Aled,ap Dafydd,0,10418,37
77,Alex,Armitage,0,4989,20
78,Alex,Beverley,0,11856,26
79,Alex,Burghart,1,36308,16
80,Alex,Chalk,1,28486,16
81,Alex,Cunliffe,0,1947,29
82,Alex,Cunningham,1,17728,26
83,Alex,Davies-Jones,0,17381,26
84,Alex,Easton,0,15390,18
85,Alex,Ehmann,0,11584,29
86,Alex,Feakes,0,6260,29
87,Alex,Harris,0,815,20
88,Alex,Hegenbarth,0,13318,29
89,Alex,Horn,0,1744,20
90,Alex,Martin,0,966,61
91,Alex,Matthews,0,1617,8
92,Alex,Nettle,0,931,20
93,Alex,Norris,1,17337,27
94,Alex,Phillips,0,4018,16
95,Alex,Sobel,1,23971,27
96,Alex,White,0,16666,29
97,Alex,Yip,0,15603,16
98,Alexa,Collins,0,5756,26
99,Alexander,Stafford,0,21970,16
100,Alexander,Wagner,0,3175,29
101,Alexander Victor,Elias,0,9485,16
102,Alexandra,Hayward,0,8878,16
103,Alexandra,Phillips,0,2237,20
104,Alfie,Utting,0,44,23
105,Ali,Aklakul,0,7228,26
106,Ali,Avaei,0,2709,29
107,Ali,Azeem,0,10984,16
108,Ali,Milani,0,18141,26
109,Ali,Ross,0,2159,20
110,Alicia,Kearns,0,36507,16
111,Alison,Bennett,0,13045,29
112,Alison,Eden,0,8770,29
113,Alison,Firth,0,2351,20
114,Alison,Gibbon,0,1261,20
115,Alison,MacCorquodale,0,4093,26
116,Alison,McGovern,1,22284,26
117,Alison,Rodwell,0,17237,16
118,Alison,Smith,0,2280,29
119,Alison,Taylor,0,11451,26
120,Alison,Teal,0,4570,20
121,Alison,Thewliss,1,19750,43
122,Alison,Willott,0,4909,29
123,Alistair,Cameron,0,1860,29
124,Alistair,Carmichael,1,10381,29
125,Alistair,Fernie,0,6884,29
126,Alistair,Ford,0,1368,20
127,Alistair,Lindsay,0,681,63
128,Alister,Jack,1,22678,16
129,Alix,Mathieson,0,6436,16
130,Alka,Sehgal Cuthbert,0,1107,8
131,Allan,Dorans,0,20272,43
132,Allan,Tweddle,0,7552,29
133,Allen,Cowles,0,6264,8
134,Allison,Wild,0,829,8
135,Ally,Haydock,0,1758,46
136,Alok,Sharma,1,24393,16
137,Alun,Cairns,1,27305,16
138,Alun,Griffiths,0,1505,29
139,Alyn,Smith,0,26895,43
140,Alyson,Barnes,0,18048,26
141,Amanda,Baker,0,1788,20
142,Amanda,Burgauer,0,18830,43
143,Amanda,Hopgood,0,7935,29
144,Amanda,Jenner,0,8879,16
145,Amanda,Martin,0,12392,26
146,Amanda,Milling,1,31636,16
147,Amanda,Solloway,0,21259,16
148,Amanda,Wright,0,13079,16
149,Amarachi,Ogba,0,207,12
150,Amelia,Womack,0,902,20
151,Amjad,Bashir,0,11935,16
152,Amoy,Lindo,0,233,23
153,Amy,Callaghan,0,19672,43
154,Amy,Dalla Mura,0,432,19
155,Amy,Finch,0,8563,29
156,Amy,Thomson,0,6920,16
157,Andi,Mohr,0,1048,20
158,Andrea,Allen,0,451,63
159,Andrea,Cantrill,0,603,20
160,Andrea,Carey Fuller,0,3085,20
161,Andrea,Dexter,0,3295,20
162,Andrea,Jenkyns,1,29424,16
163,Andrea,Leadsom,1,41755,16
164,Andrea,Livesey,0,1672,8
165,Andrea,Muckley,0,1743,20
166,Andrea,Watts,0,13737,26
167,Andrew,Baker,0,9678,16
168,Andrew,Bell,0,1286,8
169,Andrew,Bence,0,91,47
170,Andrew,Boswell,0,1412,20
171,Andrew,Bowie,1,22752,16
172,Andrew,Bridgen,1,33811,16
173,Andrew,Brown,0,4227,29
174,Andrew,Chainey,0,1322,56
175,Andrew,Chamberlain,0,2394,29
176,Andrew,Cooper,0,1768,20
177,Andrew,Cregan,0,8832,29
178,Andrew,De Whalley,0,1645,20
179,Andrew,Dunn,0,134,47
180,Andrew,Dunne,0,6568,26
181,Andrew,Elston,0,367,23
182,Andrew,Emerson,0,109,35
183,Andrew,Gant,0,2469,29
184,Andrew,Garcarz,0,831,8
185,Andrew,George,0,21085,29
186,Andrew,Gordon,0,9178,26
187,Andrew,Griffith,0,35566,16
188,Andrew,Gwynne,1,19317,26
189,Andrew,Heygate-Browne,0,812,20
190,Andrew,Hilland,0,10736,26
191,Andrew,Husband,0,5254,8
192,Andrew,Johns,0,1733,20
193,Andrew,Jones,1,29962,16
194,Andrew,Jones,0,868,20
195,Andrew,Kinsman,0,149,30
196,Andrew,Knight,0,675,4
197,Andrew,Lee,0,17021,16
198,Andrew,Lewer,1,20914,16
199,Andrew,McGlynn,0,4174,29
200,Andrew,McGuinness,0,641,8
201,Andrew,Mitchell,1,31604,16
202,Andrew,Muir,0,708,23
203,Andrew,Murday,0,8701,29
204,Andrew,Murrison,1,33038,16
205,Andrew,Parkhurst,0,2346,29
206,Andrew,Percy,1,30941,16
207,Andrew,Rosindell,1,30494,16
208,Andrew,Selous,1,32212,16
209,Andrew,Simpson,0,7032,29
210,Andrew,Sinclair,0,5176,16
211,Andrew,Snedden,0,557,61
212,Andrew,Stephenson,1,24076,16
213,Andrew,Tilley,0,935,20
214,Andrew,Waters,0,2031,20
215,Andrew,Western,0,20172,26
216,Andy,Argyle,0,1388,8
217,Andy,Bentley,0,1710,20
218,Andy,Brown,0,2748,20
219,Andy,Carter,0,28187,16
220,Andy,Corkhill,0,2706,29
221,Andy,Erlam,0,376,23
222,Andy,Fewings,0,1207,20
223,Andy,Graham,0,1313,29
224,Andy,Hagon,0,1696,29
225,Andy,Higgins,0,927,23
226,Andy,Kelly,0,3312,29
227,Andy,McDonald,1,17207,26
228,Andy,McKane,0,2774,64
229,Andy,Morgan,0,1099,23
230,Andy,Shead,0,1441,61
231,Andy,Slaughter,1,30074,26
232,Andy,Stamp,0,13054,26
233,Andy,Stanford,0,662,20
234,Andy,Stewart,0,8294,8
235,Andy,Thomas,0,9583,26
236,Andy,Thomas,0,69,60
237,Andy,Williamson,0,2833,20
238,Angela,Bretherton,0,2471,26
239,Angela,Crawley,1,22243,43
240,Angela,Eagle,1,29901,26
241,Angela,Feeney,0,14354,26
242,Angela,Hancock,0,1111,8
243,Angela,Mulholland,0,902,46
244,Angela,Preston,0,285,28
245,Angela,Rayner,1,18544,26
246,Angela,Richardson,0,26317,16
247,Angela,Smith,1,6036,29
248,Angela,Stone,0,1764,20
249,Angela,Wilkins,0,13067,26
250,Angelika,Cowell,0,489,4
251,Angelina,Leatherbarrow,0,12601,26
252,Angie,Curwen,0,3439,29
253,Angie,Smith,0,9377,26
254,Angus,Forbes,0,19812,16
255,Angus Brendan,MacNeil,1,6531,43
256,Ani,Goddard,0,977,20
257,Anita,Davies,0,1460,29
258,Anita,Prabhakar,0,2279,29
259,Anjana,Patel,0,18832,16
260,Ann,Haigh,0,1482,29
261,Ann,Holtom,0,1301,29
262,Ann,Kelly,0,536,33
263,Ann,O'Bern,0,551,23
264,Ann,Widdecombe,0,2909,8
265,Anna,Coda,0,10704,26
266,Anna,Day,0,12753,26
267,Anna,Firth,0,27182,16
268,Anna,Fryer,0,2969,29
269,Anna,Jones,0,7503,29
270,Anna,McMorrin,1,26064,26
271,Anna,Perrett,0,17339,26
272,Anna,Soubry,1,4668,57
273,Anna,Turley,1,15284,27
274,Annabel,Mullin,0,80,1
275,Annabel,Tall,0,16097,16
276,Anne,Gayfer,0,2265,20
277,Anne,Hobbs,0,11757,26
278,Anne,Killett,0,1064,20
279,Anne,Main,1,22574,16
280,Anne,McCloskey,0,2032,5
281,Anne,McLaughlin,0,15911,43
282,Anne,Milton,1,4356,23
283,Anne,Rouse,0,4515,26
284,Anne Marie,Morris,1,29190,16
285,Anneliese,Dodds,1,28135,27
286,Anne-Marie,Curry,0,2097,29
287,Anne-Marie,Trevelyan,1,23947,16
288,Annette,Medhurst,0,6450,26
289,Annette,Wilcox,0,1382,8
290,Anthony,Browne,0,31015,16
291,Anthony,Hodgson,0,242,12
292,Anthony,Mangnall,0,27751,16
293,Anthony,Pickles,0,15767,16
294,Anthony,Prince,0,389,63
295,Anthony,Slaughter,0,3251,20
296,Anthony,Smith,0,2073,29
297,Anthony,Watchorn,0,458,23
298,Antoinette,Sandbach,1,9582,29
299,Antonia,Harrison,0,3419,29
300,Antonio,Vitiello,0,194,19
301,Antonio,Weiss,0,8098,26
302,Antony,Higginbotham,0,15720,16
303,Antony,High,0,4548,23
304,Antony,Tucker,0,9440,26
305,Anwara,Ali,0,16440,16
306,Aphra,Brandreth,0,20614,16
307,April,Clark,0,4090,20
308,Apsana,Begum,0,38660,26
309,Archibald,Stanton,0,252,33
310,Ariane,Burgess,0,1709,20
311,Arnold,Saunders,0,17227,16
312,Arnold,Warneken,0,1823,20
313,Arthur,Pendragon,0,745,23
314,Ashburn,Holder,0,1795,29
315,Ashley,Cartman,0,11051,29
316,Ashley,Dalton,0,14777,26
317,Ashley,Dickenson,0,200,12
318,Ashley,Gunstock,0,1805,20
319,Ashley,Ridley,0,4127,29
320,Ashley,Williams,0,14314,16
321,Aston,Line,0,13096,26
322,Atifa,Shah,0,14807,16
323,Attika,Choudhary,0,12428,16
324,Austin,Reid,0,3990,29
325,Azfar,Bukhari,0,90,23
326,Azhar,Ali,0,17890,26
327,Azzees,Minott,0,602,20
328,Bablin,Molik,0,6298,29
329,Bambos,Charalambous,1,22923,26
330,Barbara,Keeley,1,20446,26
331,Barmy Lord,Brockman,0,638,33
332,Baron,Badger,0,326,33
333,Baron,Von Thunderclap,0,550,33
334,Barry,Broom,0,1283,20
335,Barry,Gardiner,1,26911,26
336,Barry,Harding-Rathbone,0,1702,20
337,Barry,Holliday,0,3935,29
338,Barry,James,0,30,23
339,Barry,Jones,0,5760,26
340,Barry,Sheerman,1,20509,27
341,Bart,Ricketts,0,2041,29
342,Beatrice,Bass,0,3731,29
343,Becca,Stevenson,0,1544,20
344,Beccy,Cooper,0,15652,26
345,Beccy,Sawbridge,0,1371,20
346,Becky,Finlayson,0,1092,20
347,Becky,Wing,0,1949,20
348,Beki,Sellick,0,2334,29
349,Belinda,Loveluck-Edwards,0,23743,26
350,Bell,Ribeiro-Addy,0,30976,26
351,Bella,Jessop,0,946,20
352,Bella,Sankey,0,9722,26
353,Ben,Aston,0,447,23
354,Ben,Auton,0,2031,20
355,Ben,Bradley,1,31484,16
356,Ben,Bradshaw,1,29882,26
357,Ben,Chapelard,0,15474,29
358,Ben,Cook,0,6342,26
359,Ben,Denton-Cardew,0,1435,29
360,Ben,Everitt,0,30938,16
361,Ben,Foley,0,995,20
362,Ben,Goodwin,0,9195,29
363,Ben,Harvey,0,807,20
364,Ben,Holden-Crowther,0,325,23
365,Ben,Lake,1,15208,37
366,Ben,Lawrie,0,2482,29
367,Ben,Martin,0,3213,29
368,Ben,Mathis,0,4283,29
369,Ben,Obese-Jecty,0,6784,16
370,Ben,Parker,0,1265,20
371,Ben,Price,0,2499,20
372,Ben,Sims,0,4666,29
373,Ben,Spencer,0,29262,16
374,Ben,Thomas,0,2964,29
375,Ben,Wallace,1,31589,16
376,Benjamin,Maydon,0,862,20
377,Benjamin,Smith,0,1876,20
378,Bernard,Jenkin,1,31830,16
379,Beth,Jones,0,14983,26
380,Beth,Miller,0,23142,26
381,Beth,Waller-Slack,0,1130,29
382,Beth,Winter,0,15533,26
383,Beverley,Nielsen,0,10410,29
384,Bhupen,Dave,0,19071,16
385,Bill,Blockhead,0,341,23
386,Bill,Esterson,1,29254,26
387,Bill,Greene,0,1008,29
388,Bill,McComish,0,771,20
389,Bill,Revans,0,7805,29
390,Bill,Wiggin,1,32158,16
391,Billy,Lake,0,660,28
392,Bim,Afolami,1,27719,16
393,Bob,Blackman,1,26935,16
394,Bob,Buxton,0,844,61
395,Bob,Dhillon,0,153,23
396,Bob,Dodds,0,212,23
397,Bob,Johnston,0,7390,29
398,Bob,Morgan,0,1707,29
399,Bob,Seely,1,41815,16
400,Bob,Stewart,1,27282,16
401,Bob,Thompson,0,3734,29
402,Bob,Wootton,0,547,23
403,Bobby,Dean,0,5774,29
404,Bobby,Smith,0,8,23
405,Bonnie,Craven,0,7200,26
406,Bonnie,Jackson,0,1939,20
407,Boris,Johnson,1,25351,16
408,Boyd,Clack,0,3864,37
409,Brahma,Mohanty,0,5407,26
410,Brandon,Lewis,1,28593,16
411,Branwen,Cennard,0,4069,37
412,Brendan,Clarke-Smith,0,28078,16
413,Brendan,D'Cruz,0,1116,29
414,Brendan,Devlin,0,2338,29
415,Brendan,O'Hara,1,21040,43
416,Brent,Poland,0,1115,20
417,Brett,Mortensen,0,47,1
418,Brian,Balcombe,0,1734,26
419,Brian,Bostock,0,2965,26
420,Brian,Johnson,0,88,60
421,Brian,Mathew,0,14747,29
422,Brian,McDaid,0,11225,26
423,Brian,Percival,0,308,23
424,Brian,Spencer,0,2886,29
425,Bridget,Phillipson,1,16210,26
426,Bridget,Smith,0,6881,29
427,Bruce,Horton,0,2905,29
428,Bruce,Wilson,0,6635,29
429,Bryan,Blears,0,2060,20
430,Bryan,Manley-Green,0,1588,29
431,Bryan,Quinn,0,942,20
432,Cahal,Burke,0,3815,29
433,Caitlin,Kane,0,11915,26
434,Callum,Anderson,0,13629,26
435,Callum,Laidlaw,0,12848,16
436,Callum,Littlemore,0,2731,29
437,Callum,McNally,0,4839,26
438,Callum,Robertson,0,2541,29
439,Calum,Davies,0,1496,29
440,Calum,Kerr,0,20599,43
441,Cameron,Edwards,0,1727,8
442,Cameron,Gilmore,0,6702,26
443,Cameron,Glasgow,0,1421,20
444,Cameron,Matthews,0,12425,26
445,Cameron,Wixcey,0,872,37
446,Candace,Mictchell,0,348,12
447,Captain,Beany,0,731,23
448,Cara,Hilton,0,13028,27
449,Cara,Hunter,0,6158,46
450,Cara,McShane,0,5632,45
451,Carl,Benfield,0,2478,20
452,Carl,Feeney,0,1542,24
453,Carl,Greatbatch,0,16039,26
454,Carl,Johnson,0,933,20
455,Carl,McClean,0,2516,64
456,Carl,Williams,0,67,47
457,Carla,Burns,0,137,41
458,Carla,Denyer,0,18809,20
459,Carla,Lockhart,0,20501,18
460,Carlton,West,0,2071,29
461,Carol,Birch,0,1826,20
462,Carol,Monaghan,1,19678,43
463,Carol,Valinejad,0,226,12
464,Carol,Weaver,0,7970,29
465,Carolann,Davidson,0,6855,26
466,Carole,Ford,0,2786,29
467,Caroline,Ansell,0,26951,16
468,Caroline,Bellamy,0,58,14
469,Caroline,Coram,0,657,23
470,Caroline,Dinenage,1,32226,16
471,Caroline,Flint,1,15979,26
472,Caroline,Hollins,0,11557,16
473,Caroline,Jackson,0,1396,20
474,Caroline,Johnson,1,44683,16
475,Caroline,Jones,0,3188,29
476,Caroline,Kenyon,0,2422,29
477,Caroline,Lucas,1,33151,20
478,Caroline,Nokes,1,27862,16
479,Caroline,Russell,0,4326,20
480,Caroline,Shah,0,247,23
481,Caroline,Wheeler,0,751,23
482,Carolyn,Harris,1,17405,26
483,Carolyn,Webster,0,12922,16
484,Carolynn,Scrimgeour,0,916,20
485,Carralyn,Parkes,0,12871,26
486,Carrie,Harper,0,2151,37
487,Cass,Macgregor,0,1308,20
488,Cat,Smith,1,21184,26
489,Cate,Cody,0,2784,20
490,Cate,Mohr,0,863,20
491,Cath,Sutherland,0,1583,20
492,Catherine,Atkinson,0,16954,26
493,Catherine,Cui,0,1493,8
494,Catherine,Linstrum,0,669,20
495,Catherine,McKinnell,1,21354,26
496,Catherine,Minnis,0,11201,26
497,Catherine,Mulhern,0,4225,16
498,Catherine,Rose,0,1931,20
499,Catherine,Ross,0,2668,20
500,Catherine,Rowett,0,2469,20
501,Catherine,West,1,35126,26
502,Cathy,Cordiner-Achenbach,0,14324,26
503,Catriona,MacDonald,0,12650,43
504,Celia,Foote,0,176,3
505,Celia,Hibbert,0,14420,26
506,Celia,Hickson,0,1301,20
507,Chaka,Artwell,0,143,23
508,Chandra,Kanneganti,0,10390,16
509,Chantelle,Seddon,0,4776,29
510,Charles,Bunker,0,896,8
511,Charles,Dundas,0,3457,29
512,Charles,Kennedy,0,14285,16
513,Charles,Rowley,0,10358,16
514,Charles,Shaw,0,304,28
515,Charles,Walker,1,30631,16
516,Charley,Hasted,0,2941,29
517,Charlie,Allen,0,802,20
518,Charlie,Briggs,0,1162,10
519,Charlotte,Cane,0,2397,29
520,Charlotte,Cornell,0,16552,26
521,Charlotte,Hoagland,0,18679,29
522,Charlotte,Holloway,0,13934,27
523,Charlotte,Lang,0,6518,16
524,Charlotte,Nichols,0,20611,26
525,Charlotte,Sabel,0,150,23
526,Charlynne,Pullen,0,24683,26
527,Chelsea-Marie,Annett,0,1285,29
528,Cherilyn,Mackrory,0,27237,16
529,Cheryl,Gillan,1,30850,16
530,Cheryl,McDonald,0,1936,26
531,Cheryl,Pidgeon,0,21122,26
532,Chi,Onwurah,1,21568,26
533,Chidi,Ngwaba,0,839,8
534,Chika,Amadi,0,187,12
535,Chloe,Buckley,0,938,20
536,Chloe,Hopkins,0,12802,26
537,Chloe,Hutchinson,0,1409,29
538,Chloe,Smith,1,23397,16
539,Chloe-Jane,Ross,0,8194,29
540,Chris,Allen,0,2137,37
541,Chris,Altree,0,18087,26
542,Chris,Bell,0,1107,20
543,Chris,Bowers,0,11388,29
544,Chris,Brown,0,8744,29
545,Chris,Bryant,1,16115,26
546,Chris,Butler,0,1311,8
547,Chris,Carubia,0,2917,29
548,Chris,Clarkson,0,20453,16
549,Chris,Coghlan,0,2754,29
550,Chris,Coleman,0,4940,29
551,Chris,Copeman,0,964,20
552,Chris,Elmore,1,17602,26
553,Chris,Evans,0,583,20
554,Chris,Evans,1,15356,27
555,Chris,Fewtrell,0,3280,29
556,Chris,Grayling,1,31819,16
557,Chris,Green,0,3867,8
558,Chris,Green,1,27255,16
559,Chris,Hazzard,1,16137,45
560,Chris,Heaton-Harris,1,37055,16
561,Chris,Holmes,0,823,61
562,Chris,Jordan,0,2077,20
563,Chris,Law,1,22355,43
564,Chris,Leslie,1,1447,57
565,Chris,Loder,0,33589,16
566,Chris,Lofts,0,7891,29
567,Chris,Loynes,0,703,20
568,Chris,Lucas,0,8596,29
569,Chris,Marsden,0,28,48
570,Chris,McCaw,0,5921,2
571,Chris,McFarling,0,4681,20
572,Chris,McHugh,0,550,5
573,Chris,Nelson,0,3367,29
574,Chris,Ostrowski,0,21988,26
575,Chris,Peace,0,16021,26
576,Chris,Philp,1,30985,16
577,Chris,Rigby,0,2212,20
578,Chris,Simpson,0,663,20
579,Chris,Skidmore,1,27712,16
580,Chris,Southall,0,1225,20
581,Chris,Spalding,0,587,23
582,Chris,Stanbra,0,3923,29
583,Chris,Stephens,1,17643,43
584,Chris,Stevens,0,2138,8
585,Chris,Vince,0,14092,26
586,Chris,Webb,0,13768,26
587,Chris,Williamson,1,635,23
588,Christian,Lucas,0,1475,8
589,Christian,Matheson,1,27082,26
590,Christian,Wakeford,0,22034,16
591,Christina,Morgan-Danvers,0,1582,29
592,Christina,Rees,1,15920,27
593,Christine,Bayliss,0,11531,26
594,Christine,Gilligan Kubo,0,1179,20
595,Christine,Jardine,1,21766,29
596,Christine,Roach,0,2991,8
597,Christine,West,0,739,20
598,Christopher,Bain,0,10908,27
599,Christopher,Barker,0,2378,8
600,Christopher,Boyle,0,3241,29
601,Christopher,Bramall,0,2523,29
602,Christopher,Camp,0,488,23
603,Christopher,Chope,1,33894,16
604,Christopher,Garghan,0,579,20
605,Christopher,Howarth,0,13095,16
606,Christopher,Pincher,1,30542,16
607,Christopher,Ruane,1,15443,26
608,Christopher,Wilson,0,1675,29
609,Chuka,Umunna,1,13096,29
610,Citizen,Skwith,0,301,33
611,Claire,Bonham,0,4476,29
612,Claire,Breeze,0,12293,27
613,Claire,Coutinho,0,35624,16
614,Claire,Davies,0,1384,20
615,Claire,Gill,0,10736,16
616,Claire,Hanna,0,27079,46
617,Claire,Jackson-Prior,0,1168,20
618,Claire,Malcomson,0,3408,29
619,Claire,McIlvenna,0,1935,20
620,Claire,Miller,0,2064,20
621,Claire,Ransom,0,5898,26
622,Claire,Raw,0,11975,26
623,Claire,Rowles,0,5540,16
624,Claire,Sheppard,0,3501,20
625,Claire,Unwin,0,10648,26
626,Claire,Wright,0,25869,23
627,Claire,Young,0,17833,29
628,Clare,Ambrosino,0,9142,16
629,Clare,Aspinall,0,1635,8
630,Clare,Golby,0,20710,16
631,Clare,Hales,0,678,20
632,Clare,Pavitt,0,13022,26
633,Clare,Slater,0,2341,20
634,Clareine,Enderby,0,4628,29
635,Claudia,Sorin,0,5729,26
636,Claudia,Webbe,0,25090,26
637,Claudine,Letsae,0,876,20
638,Cliff,Waterman,0,12782,26
639,Clive,Betts,1,19359,26
640,Clive,Efford,1,20550,26
641,Clive,Johnson,0,10263,26
642,Clive,Lewis,1,27766,26
643,Clive,Minihan,0,1678,8
644,Clive,Woodbridge,0,1413,23
645,Coby,Wing,0,2947,20
646,Coilla,Drake,0,1550,26
647,Colin,Baldy,0,5990,29
648,Colin,Bennett,0,243,23
649,Colin,Clark,1,23066,16
650,Colin,Green,0,3349,29
651,Colin,Jones,0,3604,8
652,Colin,Lambert,0,3952,8
653,Colin,Martin,0,8650,29
654,Colin,Menniss,0,190,47
655,Colin,Peel,0,102,23
656,Colin,Rankine,0,56,70
657,Colin,Reed,0,2291,20
658,Colin,Ross,0,3237,29
659,Colin,Taylor,0,2553,29
660,Colleen,Fletcher,1,23412,26
661,Collin,Harker,0,1609,20
662,Colum,Eastwood,0,26881,46
663,Conan,Connolly,0,2106,20
664,Conor,Burns,1,24550,16
665,Conor,McGinn,1,24870,26
666,Conor,Rafferty,0,690,23
667,Coral,Jones,0,12877,26
668,Coral,Simpson,0,2394,20
669,Corrie,Drew,0,16120,26
670,Count,Binface,0,69,23
671,Craig,Bolton,0,4460,26
672,Craig,Dobson,0,2285,29
673,Craig,Fletcher,0,16990,29
674,Craig,Harrow,0,9820,29
675,Craig,Hoy,0,15523,16
676,Craig,Mackinlay,1,27084,16
677,Craig,Martin,0,2879,29
678,Craig,Morley,0,21178,16
679,Craig,Tracey,1,30249,16
680,Craig,Whittaker,1,29981,16
681,Craig,Williams,0,20020,16
682,Cris,Tomos,0,2776,37
683,Crispin,Blunt,1,28665,16
684,Culann,Walsh,0,1754,20
685,Cyrus,Parvin,0,418,8
686,Daisy,Cooper,0,28867,29
687,Dale,McKenzie,0,484,23
688,Dale,Needham,0,4219,29
689,Damian,Collins,1,35483,16
690,Damian,Green,1,37270,16
691,Damian,Hinds,1,33446,16
692,Damian,Smith,0,1343,8
693,Damian,Timson,0,12182,16
694,Damian,White,0,19175,16
695,Damien,Moore,1,22914,16
696,Dan,Carden,1,34538,26
697,Dan,Costello,0,14281,16
698,Dan,Gallagher,0,14627,29
699,Dan,Greef,0,7803,26
700,Dan,Hutchison,0,1251,20
701,Dan,Jerrome,0,681,20
702,Dan,Liddicott,0,140,30
703,Dan,Poulter,1,35253,16
704,Dan,Schmeising,0,2985,29
705,Dan,Walker,0,1787,29
706,Dan,Wilkinson,0,9448,26
707,Dan,Wilson,0,2870,26
708,Dan,Woodlock,0,957,61
709,Daniel,Coleman,0,2468,29
710,Daniel,Corrigan,0,763,8
711,Daniel,Goldsmith,0,1829,20
712,Daniel,Jarvis,1,14804,26
713,Daniel,Kawczynski,1,31021,16
714,Daniel,Laycock,0,2233,20
715,Daniel,McCrossan,0,7330,46
716,Daniel,Norton,0,7999,29
717,Daniel,Oxley,0,5353,8
718,Daniel,Page,0,306,23
719,Daniel,Pratt,0,2650,20
720,Daniel,Towers,0,1300,20
721,Daniel,Whetstone,0,46,47
722,Daniel,Williams,0,4495,37
723,Daniel,Zeichner,1,25776,26
724,Daniela,Parker,0,3300,29
725,Danielle,Rowley,1,14328,26
726,Danny,Chambers,0,15919,29
727,Danny,Donnelly,0,10165,2
728,Danny,Keeling,0,1780,20
729,Danny,Kinahan,0,12460,64
730,Danny,Kruger,0,32150,16
731,Danyaal,Raja,0,516,8
732,Dara,Farrell,0,13241,26
733,Darren,Clifford,0,548,23
734,Darren,Guy,0,1088,64
735,Darren,Henry,0,26602,16
736,Darren,Jones,1,27330,26
737,Darren,Longhorn,0,883,61
738,Darren,Moore,0,1688,20
739,Darren,Parkinson,0,813,20
740,Darren,Price,0,11764,26
741,Darren,Woodiwiss,0,1709,20
742,Darren-Lee,Lythgoe,0,1489,8
743,Darryl,Gould,0,1068,20
744,Daryll,Pitcher,0,795,23
745,Dave,Brennan,0,245,12
746,Dave,Dobbs,0,373,23
747,Dave,Doogan,0,21216,43
748,Dave,Harding,0,631,66
749,Dave,Mawson,0,1544,8
750,Dave,Passingham,0,2112,20
751,Dave,Raval,0,4853,29
752,Dave,Robertson,0,11206,26
753,Dave,Thomas,0,2663,29
754,David,Aherne,0,489,23
755,David,Amess,1,27555,16
756,David,Axe,0,1081,8
757,David,Ballantine,0,625,8
758,David,Barnard,0,168,23
759,David,Beavan,0,6702,29
760,David,Bettney,0,313,47
761,David,Bishop,0,172,13
762,David,Brescia,0,10909,16
763,David,Brocklehurst,0,3151,8
764,David,Brown,0,2009,8
765,David,Buckley,0,508,23
766,David,Bull,0,3518,8
767,David,Burrowes,0,18473,16
768,David,Buxton,0,13750,29
769,David,Campanale,0,7499,29
770,David,Chadwick,0,11404,29
771,David,Chalmers,0,10912,29
772,David,Crausby,1,19381,26
773,David,Crowther,0,3071,29
774,David,Davis,1,31045,16
775,David,Dobbie,0,2180,29
776,David,Dresser,0,1796,29
777,David,Drew,1,27742,27
778,David,Duguid,1,21182,16
779,David,Evennett,1,25856,16
780,David,Figgins,0,791,20
781,David,Flack,0,8864,26
782,David,Furness,0,510,9
783,David,Gauke,1,15919,23
784,David,Griffin,0,1133,20
785,David,Halpin,0,840,23
786,David,Hancock,0,1759,29
787,David,Hanson,1,15891,26
788,David,Henwood,0,238,23
789,David,Hughes,0,1428,20
790,David,Hughes,0,1860,23
791,David,Johnston,0,34085,16
792,David,Jones,1,20403,16
793,David,Jones,0,920,20
794,David,Kendall,0,7187,29
795,David,Kesteven,0,758,20
796,David,Knowles,0,12332,26
797,David,Kurten,0,846,63
798,David,Lammy,1,35621,26
799,David,Leach,0,1779,8
800,David,Linden,1,18357,43
801,David,Lindsay,0,414,23
802,David,Lomax,0,2750,29
803,David,Mackay,0,559,63
804,David,Mansell,0,420,23
805,David,McBride,0,2819,29
806,David,McElroy,0,1549,20
807,David,Moreland,0,488,63
808,David,Morgan,0,8014,26
809,David,Morgan,0,7638,26
810,David,Morris,1,23925,16
811,David,Mundell,1,22611,16
812,David,Naghi,0,2866,29
813,David,Nagle,0,16373,26
814,David,Nairn,0,1114,20
815,David,Newman,0,756,29
816,David,Nicholl,0,6779,29
817,David,Nolan,0,1756,29
818,David,O'Keefe,0,982,20
819,David,Pinto-Duschinsky,0,22648,26
820,David,Radcliffe,0,3169,29
821,David,Ragozzino,0,335,23
822,David,Reynolds,0,845,20
823,David,Rocks,0,14855,16
824,David,Roe,0,628,63
825,David,Rutley,1,28292,16
826,David,Schmitz,0,2145,29
827,David,Sewell,0,1173,20
828,David,Simmonds,0,29391,16
829,David,Sisson,0,493,63
830,David,Stansell,0,1608,20
831,David,Stevens,0,1564,29
832,David,Stokes,0,14400,26
833,David,Thomas,0,5742,8
834,David,Tingle,0,10834,26
835,David,van der Burg,0,1966,20
836,David,Walker,0,1749,8
837,David,Warburton,1,36230,16
838,David,Watts,0,5308,29
839,David,Wilkins,0,2237,29
840,David,Wilkinson,0,2360,29
841,David,Wilks,0,1047,8
842,David,Williams,0,2392,20
843,David,Yellen,0,10480,26
844,David,Young,0,848,23
845,David T. C.,Davies,1,26160,16
846,Davina,Kirby,0,3225,29
847,Dawn,Barnes,0,15884,29
848,Dawn,Butler,1,31779,26
849,Dawn,Furness,0,1146,20
850,Dawn,Welsh,0,1955,29
851,Dean,Carroll,0,15490,16
852,Dean,Russell,0,26421,16
853,Deanna,Nicholson,0,2234,20
854,Deanne,Ferguson,0,18157,26
855,Debbie,Abrahams,1,20088,26
856,Debbie,Bannigan,0,15808,26
857,Debbie,Cole,0,533,38
858,Debbie,Soloman,0,5366,8
859,Deborah,Longe,0,254,12
860,Deborah,Unger,0,4844,29
861,Declan,Kearney,0,4887,45
862,Dehenna,Davison,0,24067,16
863,Deidre,Brock,1,25925,43
864,Delphine,Gray-Fisk,0,1432,8
865,Deneice,Florence-Jukes,0,8032,8
866,Denis,Healy,0,4671,29
867,Denise,Donaldson,0,2634,20
868,Denise,Howard,0,9435,16
869,Denise,Johnston,0,6384,46
870,Dennis,Bannan,0,1085,61
871,Dennis,Leech,0,107,48
872,Dennis,Skinner,1,16492,26
873,Derek,Abram,0,4771,8
874,Derek,Florey,0,2089,20
875,Derek,Morse,0,1126,20
876,Derek,Stillie,0,16182,16
877,Derek,Thomas,1,25365,16
878,Derek,Twigg,1,29333,26
879,Dermot,Nicholl,0,6128,45
880,Derrick,Hodgson,0,1556,8
881,Des,Ball,0,388,23
882,Des,Coke,0,216,12
883,Desi,Latimer,0,1085,8
884,Desmond,Swayne,1,32113,16
885,Di,Martin,0,14811,27
886,Diana,Johnson,1,17033,26
887,Diana,Toynbee,0,2371,20
888,Diane,Abbott,1,39972,26
889,Diane,Boyd,0,8430,26
890,Diane,Cadman,0,1279,20
891,Diane,Wood,0,1629,20
892,Dick,Cole,0,1660,32
893,Dinah,Keal,0,6774,29
894,Dinah,Mulholland,0,6317,26
895,Dine,Romero,0,3421,29
896,Dionne,Cocozza,0,320,8
897,Dirk,van Heck,0,101,28
898,Dolores,Kelly,0,4623,46
899,Dominic,Graham,0,4779,29
900,Dominic,Grieve,1,16765,23
901,Dominic,Haney,0,1526,29
902,Dominic,Hardwick,0,1642,29
903,Dominic,Raab,1,31132,16
904,Dominic,Skinner,0,13371,29
905,Donald,Akhigbe,0,201,12
906,Donald,Allwright,0,2262,20
907,Donald,Boyd,0,460,11
908,Donald,Ekekhomen,0,11822,16
909,Donald,MacKay,0,208,63
910,Donald,Wood,0,188,23
911,Donna,Jones,0,17705,16
912,Donna,Lalek,0,2548,29
913,Donna,Wallace,0,1750,20
914,Donnamarie,Higgins,0,1882,2
915,Doug,Beattie,0,6197,64
916,Douglas,Chapman,1,23727,43
917,Douglas,Lumsden,0,16398,16
918,Douglas,Ross,1,22112,16
919,Douglas,Rouxell,0,1231,20
920,Drew,Hendry,1,26247,43
921,Duncan,Baker,0,29792,16
922,Duncan,Odgers,0,259,63
923,Duncan,Rees,0,445,20
924,Duncan,Royal,0,735,20
925,Duncan,Townson,0,6219,26
926,Dylan,Harrison,0,12303,26
927,Dylan,Jones,0,8286,26
928,Earl Elvis,Of Outwell,0,836,33
929,Ed,Barker,0,15671,16
930,Ed,Carlisle,0,2105,20
931,Ed,Gough,0,2406,29
932,Ed,Manning,0,435,23
933,Ed,Mayne,0,10226,26
934,Ed,McGuinness,0,6829,16
935,Ed,Parson,0,13897,16
936,Ed,Punchard,0,1963,8
937,Eddie,Hughes,1,23334,16
938,Eddie,Todd,0,220,23
939,Eddie,Trotter,0,196,25
940,Eden,Webley,0,3141,8
941,Edmund,Fordham,0,1009,23
942,Edmund,Gemmell,0,191,23
943,Edward,Argar,1,35121,16
944,Edward,Davey,1,31103,29
945,Edward,Leigh,1,33893,16
946,Edward,Miliband,1,15740,26
947,Edward,Morello,0,19483,29
948,Edward,Nudd,0,367,23
949,Edward,Sainsbury,0,3741,29
950,Edward,Thornley,0,2444,29
951,Edward,Timpson,0,30095,16
952,Eimear,O'Casey,0,4161,29
953,Elaine,Gallagher,0,1429,20
954,Elaine,Gunn,0,1027,20
955,Elaine,Hardwick,0,257,53
956,Elcena,Jeffers,0,101,23
957,Elder,Mighton,0,43,23
958,Eleanor,Laing,1,32364,16
959,Eleanor,Masters,0,954,20
960,Eleanor,Price,0,6549,16
961,Eleanor,Rylance,0,1771,29
962,Eleanor,Smith,1,18203,26
963,Elfed,Williams,0,3907,37
964,Elfreda,Tealby-Watson,0,4685,29
965,Elfrede,Brambley-Crawshaw,0,2727,20
966,Elisha,McCallion,1,9771,45
967,Eliza,Tyrrell,0,1697,20
968,Elizabeth,Babade,0,2626,8
969,Elizabeth,Hughes,0,10373,26
970,Elizabeth,Truss,1,35507,16
971,Eljai,Morais,0,137,67
972,Ella,Walding,0,1485,20
973,Ellen,Nicholson,0,8015,29
974,Ellie,Chowns,0,4769,20
975,Ellie,Green,0,9153,26
976,Ellie,Reeves,1,31860,26
977,Elliot,Colburn,0,20822,16
978,Elmars,Liepins,0,572,28
979,Emily,Barley,0,14577,16
980,Emily,Blake,0,9312,26
981,Emily,Coy,0,3985,29
982,Emily,Owen,0,12653,26
983,Emily,Payne,0,9290,16
984,Emily,Pomroy-Smith,0,11408,26
985,Emily,Thornberry,1,26897,26
986,Emily,Tomalin,0,2216,20
987,Emily,West,0,1219,20
988,Emma,Bonner-Morgan,0,11862,26
989,Emma,Carter,0,2367,20
990,Emma,Chan,0,1873,20
991,Emma,Corlett,0,3895,26
992,Emma,Dawnay,0,2809,20
993,Emma,Dent Coad,1,16618,26
994,Emma,Farthing,0,2283,29
995,Emma,Hardy,1,13384,26
996,Emma,Hogan,0,10176,16
997,Emma,Johnson,0,314,23
998,Emma,Lewell-Buck,1,17273,26
999,Emma,Little Pengelly,1,11678,18
1000,Emma,Matanle,0,5435,29
1001,Emma,Monkman,0,13642,26
1002,Emma,Reynolds,1,13642,26
1003,Emma,Stockdale,0,1679,8
1004,Emma,Whysall,0,24533,26
1005,Eóin,Tennyson,0,6433,2
1006,Erica,Bradley-Young,0,1153,20
1007,Esther,Cropper,0,1214,20
1008,Esther,McVey,1,28277,16
1009,Esther,Sutton,0,1215,20
1010,Eunice,Odesanmi,0,245,12
1011,Ewan,Hoyle,0,1952,29
1012,Ewan,McRobert,0,3760,29
1013,Ewan,Melling Flavell,0,1173,20
1014,Fabia,Tate,0,13767,16
1015,Fabian,Hamilton,1,29024,26
1016,Faisal,Rashid,1,26177,26
1017,Faiza,Shaheen,0,22219,26
1018,Farès,Moussa,0,755,28
1019,Farmin Lord F'Tang F'Tang,Dave,0,324,33
1020,Faten,Hameed,0,13276,26
1021,Fay,Jones,0,21958,16
1022,Fay,Whitfield,0,1423,20
1023,Faye,Clements,0,2168,8
1024,Fayzan,Rehman,0,2867,29
1025,Felicity,Buchan,0,16768,16
1026,Felicity,Owen,0,14747,26
1027,Felix,Dodds,0,4756,29
1028,Felix,Ling,0,6222,26
1029,Femy,Amin,0,325,4
1030,Fergal,McEntee,0,1133,20
1031,Fergus,Mutch,0,21909,43
1032,Feryal,Clark,0,23340,26
1033,Fflur,Elin,0,4990,37
1034,Finola,O'Neill,0,5097,26
1035,Fintan,McKeown,0,1796,20
1036,Fiona,Bruce,1,33747,16
1037,Fiona,Campbell Trevor,0,2269,29
1038,Fiona,Fawcett,0,15807,16
1039,Fiona,Mills,0,1045,63
1040,Fleur,Anderson,0,22780,26
1041,Flick,Drummond,0,35271,16
1042,Flo,Clucas,0,915,29
1043,Flora,Scarabello,0,3698,16
1044,Florence,Eshalomi,0,31615,27
1045,Florence,MacDonald,0,3504,29
1046,Fran,Boait,0,18882,27
1047,Frances,Rehal,0,8247,26
1048,Francesca,O'Brien,0,18371,16
1049,Francie,Molloy,1,20473,45
1050,Francis,Oppler,0,5645,29
1051,Franco,D'Aulerio,0,1841,8
1052,Francyne,Johnson,0,16478,26
1053,Frank,Adlington-Stringer,0,1278,20
1054,Frank,Calladine,0,309,19
1055,Frank,Field,1,7285,7
1056,Frank,McCoubrey,0,5220,18
1057,Frank,Sheridan,0,981,20
1058,Frank,Sweeney,0,88,68
1059,Frankie,Wales,0,1323,23
1060,Gabriela,Fajardo Palacios,0,115,12
1061,Gabrielle,Bailey,0,1288,20
1062,Gagan,Mohindra,0,30327,16
1063,Gail,Macgregor,0,11961,16
1064,Gareth,Bacon,0,30882,16
1065,Gareth,Davies,0,36794,16
1066,Gareth,Derrick,0,10836,26
1067,Gareth,Eales,0,16217,26
1068,Gareth,Ellis,0,2478,20
1069,Gareth,Johnson,1,34006,16
1070,Gareth,Lloyd-Johnson,0,1584,29
1071,Gareth,Pearce,0,1006,8
1072,Gareth,Snell,1,13887,27
1073,Gareth,Thomas,1,25132,27
1074,Gareth,Willis,0,10114,29
1075,Garry,Warren,0,1601,8
1076,Garth,Harkness,0,1484,29
1077,Gary,Butler,0,369,23
1078,Gary,Coleman,0,368,23
1079,Gary,Godden,0,12724,26
1080,Gary,Gribben,0,1159,8
1081,Gary,Hughes,0,1660,8
1082,Gary,Hynds,0,955,16
1083,Gary,Lawson,0,1124,20
1084,Gary,McCleave,0,1098,45
1085,Gary,Middleton,0,4773,18
1086,Gary,Mulvaney,0,16930,16
1087,Gary,Powell,0,1768,8
1088,Gary,Sambrook,0,19957,16
1089,Gary,Streeter,1,33286,16
1090,Gavin,Berkenheger,0,6900,16
1091,Gavin,Chambers,0,9892,16
1092,Gavin,Haran,0,6303,16
1093,Gavin,Newlands,1,23353,43
1094,Gavin,Robinson,1,20874,18
1095,Gavin,Scott,0,1471,29
1096,Gavin,Shuker,1,3893,23
1097,Gavin,Williamson,1,36520,16
1098,Gaynor,Austin,0,6287,26
1099,Ged,McGrath,0,1355,8
1100,Gemma,Bolton,0,11218,26
1101,Gemma,Evans,0,130,67
1102,Gen,Kitchen,0,13994,26
1103,Geoff,Bentley,0,640,63
1104,Geoff,Seeff,0,2744,29
1105,Geoff,Thompson,0,3658,23
1106,Geoff,Wilkinson,0,1090,20
1107,Geoffrey,Clifton-Brown,1,35484,16
1108,Geoffrey,Courtenay,0,283,63
1109,Geoffrey,Cox,1,35904,16
1110,Geoffrey,Cox,0,464,63
1111,George,Ayre,0,10716,26
1112,George,Baker,0,2723,26
1113,George,Eustice,1,26764,16
1114,George,Freeman,1,35051,16
1115,George,Galloway,0,489,23
1116,George,Howarth,1,44374,26
1117,George,Lee,0,5593,29
1118,George,Madgwick,0,623,23
1119,George,Morton,0,312,23
1120,George,Penny,0,2921,26
1121,George,Rice,0,1395,29
1122,George,Ridgeon,0,445,33
1123,George,Salomon,0,1043,20
1124,Georgia,Taylor,0,3099,20
1125,Georgina,Treloar,0,2706,20
1126,Geraint,Benney,0,2562,37
1127,Geraint,Davies,1,18493,27
1128,Geraint,Havard,0,1905,37
1129,Gerald,Jones,1,16913,26
1130,Gerald,Vernon-Jackson,0,5418,29
1131,Geraldine,Coggins,0,1566,20
1132,Gerard,Killen,1,18545,27
1133,Gerri,Hickton,0,11615,16
1134,Gerry,Carroll,0,6194,36
1135,Gerry,Jerome,0,1901,29
1136,Gerry,Mitchell,0,8827,26
1137,Gethin,James,0,2063,8
1138,Gideon,Amos,0,22464,29
1139,Giles,Bridge,0,14907,26
1140,Giles,Watling,1,31438,16
1141,Gill,Cole-Hamilton,0,2903,29
1142,Gill,Furniss,1,22369,26
1143,Gill,Ogilvie,0,11369,26
1144,Gillian,Keegan,1,35402,16
1145,Gillian,Mackay,0,1184,20
1146,Gina,Dowding,0,1731,20
1147,Giorgia,Finney,0,450,20
1148,Glanville,Thomas,0,3633,37
1149,Glenda,Davies,0,3108,8
1150,Glenn,Swingler,0,1552,37
1151,Glenn,Thompson,0,6446,8
1152,Glenville,Gogerly,0,567,30
1153,Glyn,Goodwin,0,2314,20
1154,Glyn,Hanna,0,7619,18
1155,Glyn,Heath,0,848,20
1156,Gonul,Daniels,0,4428,16
1157,Gordon,Birtwistle,0,3501,29
1158,Gordon,Gregory,0,12955,16
1159,Gordon,Henderson,1,34742,16
1160,Gordon,Johnson,0,184,23
1161,Gordon,Lishman,0,1548,29
1162,Gordon,Marsden,1,12557,26
1163,Gordon,Munro,0,13117,27
1164,Gordon,Nardell,0,11624,26
1165,Graeme,Currie,0,12495,26
1166,Graeme,Webber,0,1304,8
1167,Graham,Brady,1,26311,16
1168,Graham,Cockarill,0,15069,29
1169,Graham,Colley,0,3717,29
1170,Graham,Cushway,0,1327,8
1171,Graham,Hadley,0,366,23
1172,Graham,Hogg,0,3998,26
1173,Graham,Hunt,0,1820,8
1174,Graham,Hutchison,0,9283,16
1175,Graham,Jones,1,17614,26
1176,Graham,Moore,0,520,19
1177,Graham,Reed,0,2545,29
1178,Graham,Smith,0,11804,16
1179,Graham,Stringer,1,23887,26
1180,Graham,Stuart,1,33250,16
1181,Grahame,Hudson,0,3614,29
1182,Grahame,Morris,1,15723,26
1183,Grant,Abraham,0,1476,16
1184,Grant,Shapps,1,27394,16
1185,Greg,Hands,1,23345,16
1186,Greg,Judge,0,2717,29
1187,Greg,Knight,1,33988,16
1188,Greg,Marshall,0,21271,26
1189,Greg,Smith,0,37035,16
1190,Gregory,Butt,0,2156,8
1191,Gregory,Campbell,1,15765,18
1192,Gregory,Clark,1,30119,16
1193,Gregory,Webb,0,3450,29
1194,Gurjit,Bains,0,17416,16
1195,Guy,Ingerson,0,880,20
1196,Guy,Opperman,1,25152,16
1197,Guy,Russo,0,2950,29
1198,Gwyn,Evans,0,727,21
1199,Gwyn,Williams,0,1984,37
1200,Hannah,Bardell,1,25617,43
1201,Hannah,Campbell,0,15300,16
1202,Hannah,Jarvis,0,4675,16
1203,Hannah,Kitching,0,5054,29
1204,Hannah,Locke,0,572,23
1205,Hannah,O'Neill,0,25067,26
1206,Hannah,Perkin,0,6170,29
1207,Hannah,Temple,0,2103,20
1208,Hannah,Westropp,0,10095,16
1209,Hannah,Young,0,15265,26
1210,Haroun,Malik,0,6265,16
1211,Harriet,Gore,0,47,62
1212,Harriet,Harman,1,40258,26
1213,Harriett,Baldwin,1,34909,16
1214,Harrish,Bisnauthsing,0,6153,29
1215,Harry,Boparai,0,1292,8
1216,Harry,Gorman,0,948,20
1217,Harry,Gwynne,0,1739,8
1218,Haseeb,Ur-Rehman,0,151,41
1219,Hassan,Zulkifal,0,170,68
1220,Havard,Hughes,0,14130,16
1221,Hazel,Williams,0,344,28
1222,Heather,Astbury,0,138,41
1223,Heather,Barrie,0,2527,20
1224,Heather,Herbert,0,3052,26
1225,Heather,Kidd,0,8537,29
1226,Heather,Mack,0,1977,20
1227,Heather,Wheeler,1,33502,16
1228,Hector,Birchwood,0,1032,8
1229,Helen,Belcher,0,19706,29
1230,Helen,Cross,0,7314,29
1231,Helen,Formby,0,3316,8
1232,Helen,Geake,0,9711,20
1233,Helen,Goodman,1,16105,26
1234,Helen,Grant,1,31220,16
1235,Helen,Hayes,1,36521,26
1236,Helen,Hitchcock,0,1046,20
1237,Helen,Jenner,0,2184,8
1238,Helen,Korfanty,0,2603,29
1239,Helen,McFarlane,0,12728,26
1240,Helen,Morgan,0,5643,29
1241,Helen,Russell,0,9408,26
1242,Helen,Spiby-Vann,0,211,12
1243,Helen,Tamblyn-Saville,0,3332,29
1244,Helen,Thompson,0,13286,29
1245,Helen,Whately,1,31864,16
1246,Helena,Bongard,0,2158,29
1247,Helena,Mellish,0,1403,20
1248,Helena,Windsor,0,1374,23
1249,Henrietta,Bewley,0,4370,29
1250,Henry,Bolton,0,576,23
1251,Henry,Gent,0,711,20
1252,Henry,Scott,0,427,23
1253,Henry,Smith,1,27040,16
1254,Henry,Vann,0,4608,29
1255,Hilary,Benn,1,30413,26
1256,Hilary,Jones,0,1963,29
1257,Hilary,Wendt,0,1912,20
1258,Hilda,Johani,0,257,12
1259,Hina,Bokhari,0,16884,29
1260,Hina,Malik,0,3127,29
1261,Holly,Kal-Weiss,0,11338,26
1262,Holly,Lynch,1,21496,26
1263,Holly,Mumby-Croft,0,20306,16
1264,Holly,Robinson,0,1064,20
1265,Holly,Whitbread,0,9440,16
1266,Howard,Berlin,0,20105,16
1267,Howard,Brown,0,5439,8
1268,Howard,Kaye,0,11282,26
1269,Hugh,Alberti,0,546,20
1270,Hugh,Gaffney,1,17056,26
1271,Hugh,Kocan,0,1182,37
1272,Hugo,Fearnley,0,17323,26
1273,Humaira,Ali,0,15597,29
1274,Humera,Kamran,0,143,15
1275,Huw,Merriman,1,37590,16
1276,Hywel,Williams,1,13134,37
1277,Iain,Bott,0,13142,16
1278,Iain,Dickson,0,1451,20
1279,Iain,Donaldson,0,1590,29
1280,Iain,Duncan Smith,1,23481,16
1281,Iain,McGill,0,11000,16
1282,Iain,Stewart,1,32011,16
1283,Ian,Barfield,0,1070,29
1284,Ian,Berkeley-Hurst,0,1222,8
1285,Ian,Blackford,1,19263,43
1286,Ian,Bradwell,0,1808,29
1287,Ian,Byrne,0,34117,26
1288,Ian,Chandler,0,1353,20
1289,Ian,Cooper,0,13533,26
1290,Ian,Cowling,0,650,61
1291,Ian,Davidson,0,2513,26
1292,Ian,Dowling,0,3088,29
1293,Ian,Fleming,0,190,23
1294,Ian,Flindall,0,964,20
1295,Ian,Flynn,0,1210,29
1296,Ian,Garrett,0,2371,29
1297,Ian,Lavery,1,17124,26
1298,Ian,Levy,0,17440,16
1299,Ian,Liddell-Grainger,1,35827,16
1300,Ian,McLean,0,114,47
1301,Ian,Mearns,1,20450,26
1302,Ian,Middleton,0,2607,20
1303,Ian,Murray,1,23745,26
1304,Ian,Paisley,1,20860,18
1305,Ian,Poyser,0,2018,20
1306,Ian,Sanderson,0,2708,29
1307,Ian,Sharpe,0,4153,29
1308,Ian,Sollom,0,28111,29
1309,Ian,Stotesbury,0,9323,29
1310,Ian,Walker,0,14696,16
1311,Ian,Womersley,0,2458,23
1312,Ian,Yuill,0,5018,29
1313,Ibrahim,Dogus,0,15211,26
1314,Iddrisu,Sufyan,0,2110,8
1315,Iftikhar,Ahmed,0,7892,16
1316,Ike,Ijeh,0,797,8
1317,Iliyan,Stefanov,0,3204,29
1318,Imogen,Shepherd-Dubey,0,5035,29
1319,Imran,Ahmad Khan,0,21283,16
1320,Imran,Hussain,1,27825,26
1321,Inaya Folarin,Iman,0,1769,8
1322,Iram,Kiani,0,224,23
1323,Isabel,Pires,0,1378,20
1324,Isabel,Thurston,0,2519,20
1325,Isabelle,Parasram,0,5932,29
1326,Isobel,Davidson,0,2846,29
1327,Isobel,Grant,0,22045,16
1328,Isobel,Whittaker,0,1115,20
1329,Isy,Imarni,0,11656,16
1330,Ivan,Lewis,1,1366,23
1331,Izzy,Knowles,0,3673,29
1332,Jacci,Stoyle,0,2560,29
1333,Jack,Brereton,1,24632,16
1334,Jack,Carrington,0,416,61
1335,Jack,Clark,0,2918,29
1336,Jack,Collier,0,1620,8
1337,Jack,Davies,0,7710,29
1338,Jack,Dromey,1,17720,26
1339,Jack,Ferguson,0,10051,26
1340,Jack,Gebhard,0,16310,16
1341,Jack,Gilmore,0,19122,16
1342,Jack,Holland,0,2343,29
1343,Jack,Lenox,0,765,20
1344,Jack,Lopresti,1,26293,16
1345,Jack,Rankin,0,22929,16
1346,Jack,Render,0,1131,61
1347,Jackie,Coade,0,4211,2
1348,Jackie,Pearcey,0,2448,29
1349,Jackie,Schneider,0,12543,26
1350,Jacob,Rees-Mogg,1,28360,16
1351,Jacob,Young,0,18811,16
1352,Jacqueline,Bond,0,2516,20
1353,Jacqueline,Doyle-Price,1,27795,16
1354,Jacqui,Cummins,0,2915,8
1355,Jake,Berry,1,27570,16
1356,Jake,Fraser,0,2943,8
1357,Jake,Lambert,0,3848,26
1358,Jake,Overend,0,3099,29
1359,Jake,Thomas,0,386,8
1360,James,Abbott,0,3090,20
1361,James,Airey,0,23861,16
1362,James,Archer,0,2487,29
1363,James,Baggaley,0,12844,26
1364,James,Baker,0,11579,16
1365,James,Baker,0,2276,29
1366,James,Blanchard,0,4149,29
1367,James,Booth,0,2310,20
1368,James,Braun,0,2390,20
1369,James,Brokenshire,1,29786,16
1370,James,Buckley,0,2736,8
1371,James,Bull,0,10492,26
1372,James,Cartlidge,1,33270,16
1373,James,Channer,0,648,23
1374,James,Clark,0,5483,16
1375,James,Cleverly,1,34112,16
1376,James,Crocker,0,1432,8
1377,James,Cunningham,0,13620,26
1378,James,Daly,0,21660,16
1379,James,Davies,0,17270,16
1380,James,Duddridge,1,27063,16
1381,James,Ellwood,0,1557,20
1382,James,Fredrickson,0,22397,16
1383,James,Frith,1,21555,26
1384,James,Giles,0,458,23
1385,James,Gray,1,32373,16
1386,James,Grundy,0,21266,16
1387,James,Harrison,0,1626,29
1388,James,Heappey,1,33336,16
1389,James,Hockney,0,10202,16
1390,James,Hope,0,972,5
1391,James,Joyce,0,1661,29
1392,James,Keyse,0,974,8
1393,James,McPhilemy,0,11182,26
1394,James,Melling,0,3600,20
1395,James,Melly,0,3161,8
1396,James,Milne,0,831,20
1397,James,Monaghan,0,1734,29
1398,James,Morris,1,25607,16
1399,James,Murray,0,28036,27
1400,James,Newhall,0,5446,16
1401,James,Oates,0,5913,29
1402,James,Osben,0,9329,26
1403,James,Platt,0,1303,20
1404,James,Pointon,0,684,8
1405,James,Potter,0,1187,8
1406,James,Price,0,10377,16
1407,James,Sandbach,0,6485,29
1408,James,Speirs,0,2716,29
1409,James,Sunderland,0,31894,16
1410,James,Weinberg,0,10890,26
1411,James,Wells,0,4834,8
1412,James,Wild,0,30627,16
1413,James,Wilder,0,4404,26
1414,James,Wilkinson,0,2367,29
1415,James,Willis,0,8482,29
1416,James,Windridge,0,934,20
1417,James,Woollard,0,1042,23
1418,James,Woudhuysen,0,1043,8
1419,James,Wright,0,4776,29
1420,Jamie,Adams,0,1468,8
1421,Jamie,Bennett,0,6024,29
1422,Jamie,Dwan,0,1827,29
1423,Jamie,Macfarlane,0,12481,16
1424,Jamie,Needle,0,1772,29
1425,Jamie,Scott,0,1961,29
1426,Jamie,Stone,1,11705,29
1427,Jamie,Wallis,0,18193,16
1428,Jamie,Wildman,0,1543,20
1429,Jamie,Witham,0,1263,20
1430,Jane,Aitchison,0,22936,26
1431,Jane,Dodds,1,14827,29
1432,Jane,Hunt,0,27954,16
1433,Jane,Keep,0,17017,16
1434,Jane,Leicester,0,1357,20
1435,Jane,Lyons,0,9160,16
1436,Jane,MacBean,0,13250,16
1437,Jane,McKears,0,328,20
1438,Jane,Pickard,0,3037,29
1439,Jane,Pratt,0,11185,16
1440,Jane,Robins,0,91,47
1441,Jane,Smith,0,658,4
1442,Jane,Stevenson,0,17722,16
1443,Jane Ann,Liston,0,2639,29
1444,Janet,Balfe,0,3730,8
1445,Janet,Band,0,1851,20
1446,Janet,Daby,1,26661,26
1447,Janice,Baker,0,2047,20
1448,Janice,Mackay,0,629,63
1449,Janice,Middleton,0,1705,29
1450,Janice,Silvester-Hall,0,6695,16
1451,Jarelle,Francis,0,2192,20
1452,Jason,Billin,0,9600,29
1453,Jason,Charalambous,0,8045,16
1454,Jason,Chinnery,0,193,33
1455,Jason,Cooper,0,1921,8
1456,Jason,Edwards,0,1821,29
1457,Jason,McCartney,0,29482,16
1458,Jason,Pilley,0,367,39
1459,Jason,Zadrozny,0,13498,6
1460,Javed,Bashir,0,2884,29
1461,Jay,Aston Colquhoun,0,384,8
1462,Jay,Henderson,0,1950,20
1463,Jay,Latham,0,869,28
1464,Jay,Morton,0,9069,26
1465,Jean,Mitchell,0,12843,26
1466,Jean-Claude,Cass-Horne,0,1041,8
1467,Jeanette,Sunderland,0,3316,29
1468,Jean-Paul,Roberts,0,1183,20
1469,Jeet,Bains,0,14249,16
1470,Jeff,Green,0,245,11
1471,Jeff,Smith,1,35902,26
1472,Jeffrey M.,Donaldson,1,19586,18
1473,Jemma,Joy,0,1953,29
1474,Jennifer,Fairbairn,0,2287,16
1475,Jennifer,Forbes,0,22676,26
1476,Jennifer,Gray,0,1236,29
1477,Jennifer,Lang,0,1890,29
1478,Jennifer,Ross,0,3216,16
1479,Jenny,Chapman,1,17607,26
1480,Jenny,Marr,0,4287,29
1481,Jenny,Reeves,0,9888,26
1482,Jenny,Vernon,0,1563,20
1483,Jenny,Wilkinson,0,6358,29
1484,Jeremy,Caddick,0,2164,20
1485,Jeremy,Corbyn,1,34603,26
1486,Jeremy,Hunt,1,32191,16
1487,Jeremy,Maddocks,0,1202,8
1488,Jeremy,Parker,0,1458,20
1489,Jeremy,Quin,1,35900,16
1490,Jeremy,Wright,1,30351,16
1491,Jerome,Mayhew,0,33934,16
1492,Jerry,Gorman,0,2044,8
1493,Jerry,Hague,0,15863,26
1494,Jess,Barnard,0,12073,26
1495,Jess,Phillips,1,23379,26
1496,Jesse,Norman,1,30390,16
1497,Jessica,Morden,1,16125,26
1498,Jessie,Venegas,0,6947,29
1499,Jill,Borcherds,0,16766,26
1500,Jill,Dagnan,0,1519,8
1501,Jill,Hope,0,2482,29
1502,Jill,Macauley,0,3307,64
1503,Jill,McLachlan,0,125,12
1504,Jill,Mortimer,0,13933,16
1505,Jill,Perry,0,596,20
1506,Jill,Reilly,0,3289,29
1507,Jim,Duggan,0,477,59
1508,Jim,Ferguson,0,11112,8
1509,Jim,Hakewill,0,1642,23
1510,Jim,Makin,0,616,63
1511,Jim,Malone,0,10096,26
1512,Jim,McMahon,1,24579,27
1513,Jim,Norris,0,1097,20
1514,Jim,Shannon,1,17705,18
1515,Jimi,Ogunnusi,0,642,8
1516,Jo,Baker,0,1281,20
1517,Jo,Barton,0,3720,29
1518,Jo,Beavis,0,1488,23
1519,Jo,Churchill,1,37770,16
1520,Jo,Dale,0,15186,26
1521,Jo,Gideon,0,14557,16
1522,Jo,Graham,0,6595,26
1523,Jo,Kirby,0,2432,26
1524,Jo,Paul,0,2008,20
1525,Jo,Pike,0,21195,26
1526,Jo,Robb,0,2736,20
1527,Jo,Rust,0,10705,26
1528,Jo,Stevens,1,25605,26
1529,Jo,Swinson,1,19523,29
1530,Jo,Waltham,0,8157,29
1531,Jo,Watkins,0,1313,29
1532,Joanna,Cherry,1,24830,43
1533,Joanne,Ainscough,0,14808,26
1534,Joanne,Humphreys,0,3026,29
1535,Joanne,Laban,0,16848,16
1536,Joanne,Oldale,0,3402,26
1537,Joanne,Platt,1,19301,27
1538,Joanne,Thomas,0,13656,26
1539,Jodi,Shanahan,0,1284,20
1540,Joe,Bousfield,0,911,23
1541,Joe,Boyle,0,1994,46
1542,Joe,Johnson-Tod,0,2510,29
1543,Joe,Levy,0,4838,20
1544,Joe,Miller,0,16972,16
1545,Joe,Naitta,0,2621,29
1546,Joe,Otten,0,1476,29
1547,Joe,Peacock,0,1848,20
1548,Joe,Richards,0,3449,29
1549,Joe,Robertson,0,16124,16
1550,Joe,Slupsky,0,1117,29
1551,Joe,Wood,0,6804,26
1552,Joel,Charles,0,12661,16
1553,Johann,Lamont,0,13824,27
1554,John,Adams,0,1790,20
1555,John,Appleby,0,3791,29
1556,John,Baron,1,29590,16
1557,John,Blair,0,8190,2
1558,John,Booker,0,4300,8
1559,John,Bridges,0,3420,29
1560,John,Buttery,0,1393,20
1561,John,Colman,0,1597,20
1562,John,Coyne,0,965,20
1563,John,Cryer,1,28836,26
1564,John,Daramy,0,391,23
1565,John,Davies,0,2288,37
1566,John,Davis,0,1973,20
1567,John,Edge,0,435,28
1568,John,Erskine,0,2448,26
1569,John,Ferry,0,3540,29
1570,John,Finucane,0,23078,45
1571,John,French,0,268,52
1572,John,Furness,0,994,20
1573,John,Glen,1,30280,16
1574,John,Gray,0,19479,16
1575,John,Grogan,1,23080,26
1576,John,Hall,0,881,61
1577,John,Harris,0,132,54
1578,John,Hayes,1,37338,16
1579,John,Healey,1,16742,26
1580,John,Howell,1,32189,16
1581,John,Howson,0,2969,29
1582,John,Humphries,0,1653,20
1583,John,Hunt,0,2390,23
1584,John,Kelly,0,860,8
1585,John,Kennedy,0,994,8
1586,John,Kent,0,16313,26
1587,John,Kirby,0,427,23
1588,John,Kitson,0,544,23
1589,John,Lamont,1,25747,16
1590,John,Lawson,0,2012,8
1591,John,Lawson,0,2462,29
1592,John,Leech,0,7997,29
1593,John,Lloyd,0,71,3
1594,John,Macefield,0,634,20
1595,John,Madden,0,568,23
1596,John,McDonnell,1,24545,26
1597,John,McNally,1,29351,43
1598,John,Miller,0,1831,29
1599,John,Morris,0,483,59
1600,John,Nicolson,0,26882,43
1601,John,O'Dowd,0,12291,45
1602,John,Penrose,1,31983,16
1603,John,Plume,0,73,63
1604,John,Potter,0,4463,29
1605,John,Prescott,0,2196,8
1606,John,Puddifer,0,1248,20
1607,John,Redwood,1,30734,16
1608,John,Richardson,0,268,23
1609,John,Robertson,0,2991,23
1610,John,Rossington,0,2406,29
1611,John,Scotting,0,4771,8
1612,John,Sheffield,0,71,1
1613,John,Skipworth,0,2108,29
1614,John,Spellar,1,21901,26
1615,John,Stevenson,1,23659,16
1616,John,Studholme,0,1888,29
1617,John,Timperley,0,8807,29
1618,John,Usher,0,61,23
1619,John,Vincent,0,10320,29
1620,John,Waddell,0,6253,29
1621,John,Watkins,0,3733,8
1622,John,Whittingdale,1,36304,16
1623,John,Wolstenholme,0,3193,8
1624,John,Wright,0,431,23
1625,John,Wright,0,6499,29
1626,John,Yorke,0,2500,20
1627,John Wesley,Gibson,0,212,12
1628,Johnny,Denis,0,1453,20
1629,Johnny,Johnson,0,3855,8
1630,Johnny,Luk,0,13892,16
1631,Johnny,Mercer,1,26831,16
1632,Johno,Lee,0,13918,16
1633,Jolyon,Dixon,0,195,33
1634,Jon,Burns,0,10283,16
1635,Jon,Cross,0,232,23
1636,Jon,Cruddas,1,19468,26
1637,Jon,Fisher,0,5699,26
1638,Jon,Hannah,0,5665,29
1639,Jon,Newham,0,170,47
1640,Jon,Nicholas,0,4931,29
1641,Jon,Orrell,0,2246,20
1642,Jon,Trickett,1,16460,26
1643,Jon,Whitehouse,0,5387,29
1644,Jonathan,Ashworth,1,33606,27
1645,Jonathan,Banks,0,7986,29
1646,Jonathan,Barras,0,2700,8
1647,Jonathan,Bartley,0,9211,20
1648,Jonathan,Bishop,0,149,23
1649,Jonathan,Bramall,0,1608,29
1650,Jonathan,Chilvers,0,1536,20
1651,Jonathan,Clark,0,1187,37
1652,Jonathan,Davies,0,1070,17
1653,Jonathan,Djanogly,1,32386,16
1654,Jonathan,Edwards,1,15939,37
1655,Jonathan,Elmer,0,1635,20
1656,Jonathan,Essex,0,3169,20
1657,Jonathan,Gullis,0,20974,16
1658,Jonathan,Jenkin,0,2138,20
1659,Jonathan,Kent,0,2692,20
1660,Jonathan,Lord,1,26396,16
1661,Jonathan,Pratt,0,2368,29
1662,Jonathan,Reynolds,1,19025,27
1663,Jonathan,Silberman,0,42,14
1664,Jonathan,Smith,0,7712,29
1665,Jonny,Roberts,0,10181,26
1666,Jonty,Leff,0,111,68
1667,Joseph,Booton,0,2340,20
1668,Joseph,Evans,0,1200,20
1669,Joseph,Green,0,485,23
1670,Joseph,Tawonezvi,0,1436,8
1671,Joseph,Wells,0,728,20
1672,Josh,Babarinde,0,5892,29
1673,Josh,Fenton-Glynn,0,24207,26
1674,Josh,Phillips,0,463,23
1675,Joshua,Garfield,0,9439,26
1676,Joshua,Ogunleye,0,127,68
1677,Joshua,Reynolds,0,13774,29
1678,Joshua,Richardson,0,1956,8
1679,Josie,Ratcliffe,0,4166,29
1680,Joy,Bassett,0,4516,26
1681,Joy,Morrissey,0,32477,16
1682,Joyce,Still,0,15615,26
1683,Judith,Cummins,1,18390,26
1684,Judith,Rogerson,0,20287,29
1685,Jules,Ewart,0,8719,29
1686,Jules,Sherrington,0,154,23
1687,Julia,Aglionby,0,2829,29
1688,Julia,Bird,0,3970,29
1689,Julia,Brown,0,784,20
1690,Julia,Buckley,0,19804,26
1691,Julia,Erskine,0,1281,20
1692,Julia,Lopez,1,35495,16
1693,Julia,Ogiehor,0,5087,29
1694,Julia,Searle,0,647,63
1695,Julia,Stephenson,0,571,8
1696,Julia,Wassell,0,926,69
1697,Julian,Burrett,0,1303,23
1698,Julian,Carter,0,2686,8
1699,Julian,Dean,0,1762,20
1700,Julian,Edmonds,0,1047,20
1701,Julian,Gallant,0,14832,16
1702,Julian,Knight,1,32309,16
1703,Julian,Lewis,1,32769,16
1704,Julian,Newton,0,3591,8
1705,Julian,Smith,1,34919,16
1706,Julian,Sturdy,1,27324,16
1707,Julian,Tisi,0,11422,29
1708,Julian,Vaughan,0,14160,26
1709,Julian,Wilson,0,264,23
1710,Julie,Cooper,1,14368,26
1711,Julie,Elliott,1,18336,26
1712,Julie,Fousert,0,2717,8
1713,Julie,Hilling,0,18400,26
1714,Julie,Hope,0,7518,26
1715,Julie,Ireland,0,6621,29
1716,Julie,Marson,0,33712,16
1717,Julie,Maughan,0,6744,8
1718,Julie,Phillips,0,2434,20
1719,Julie,Pirone,0,11217,16
1720,Julie,Price,0,2454,8
1721,Julie,Wood,0,1411,20
1722,Justin,Madders,1,26001,26
1723,Justin,Tomlinson,1,32584,16
1724,Just-John,Sexton,0,224,33
1725,Jyoti,Dialani,0,119,41
1726,Kai,Taylor,0,2282,20
1727,Kailash,Trivedi,0,1228,8
1728,Kait,Duerden,0,5585,26
1729,Kama,McKenzie,0,4304,26
1730,Kamran,Hussain,0,9397,29
1731,Kamran,Malik,0,250,15
1732,Kanwal,Toor Gill,0,15781,16
1733,Karen,Batley,0,3186,8
1734,Karen,Bradley,1,28192,16
1735,Karen,Buck,1,23240,26
1736,Karen,Davis,0,18659,26
1737,Karen,Helsby Entwistle,0,132,23
1738,Karen,King,0,2018,29
1739,Karen,La Borde,0,1359,20
1740,Karen,Lee,1,20753,26
1741,Karen,Ward,0,15397,29
1742,Karen,Wheller,0,1783,20
1743,Karin,Smyth,1,27895,26
1744,Karl,Love,0,874,23
1745,Karl,McCartney,0,24267,16
1746,Karl,Rosie,0,11501,43
1747,Karl,Turner,1,12713,26
1748,Kashif,Ali,0,18927,16
1749,Kat,Boettge,0,1806,20
1750,Kate,Brownlie,0,710,8
1751,Kate,Chappell,0,3206,26
1752,Kate,Copeland,0,1433,20
1753,Kate,Crossland,0,1735,20
1754,Kate,Green,1,30195,26
1755,Kate,Griffiths,0,29560,16
1756,Kate,Hollern,1,29040,26
1757,Kate,Linnegar,0,16413,26
1758,Kate,Needham,0,872,20
1759,Kate,Nevens,0,1357,20
1760,Kate,O'Kelly,0,13912,29
1761,Kate,Osamor,1,26217,27
1762,Kate,Osborne,0,18363,26
1763,Kate,Pothalingham,0,9569,29
1764,Kate,Smith,0,2873,29
1765,Kate,Tipton,0,4856,29
1766,Kate,Watson,0,12791,26
1767,Katharine,Macy,0,4842,29
1768,Katherine,Barbour,0,1433,20
1769,Katherine,Fletcher,0,30028,16
1770,Katherine,Hortense,0,213,12
1771,Katherine,Pate,0,953,20
1772,Kathleen,Garner,0,442,63
1773,Kathleen,Leslie,0,9449,16
1774,Kathryn,Downs,0,891,20
1775,Kathryn,Gilbert,0,521,20
1776,Kathryn,Salt,0,10791,26
1777,Kathy,King,0,615,28
1778,Katie,Critchlow,0,4408,29
1779,Katie,Curtis,0,7337,26
1780,Katrina,Brockbank,0,845,20
1781,Katrina,Gillman,0,14605,26
1782,Katrina,Sale,0,13370,16
1783,Kaweh,Beheshtizadeh,0,7749,29
1784,Kay,Inckle,0,1365,20
1785,Kay,Tart,0,9959,26
1786,Kefentse,Dennis,0,845,20
1787,Keir,Morrison,0,14065,26
1788,Keir,Starmer,1,36641,26
1789,Keir,Williams,0,664,20
1790,Keith,Aspden,0,9992,29
1791,Keith,Buchanan,0,10936,18
1792,Keith,Cawdron,0,3386,29
1793,Keith,Garrett,0,67,40
1794,Keith,Jenkins,0,839,63
1795,Keith,Kondakor,0,1692,20
1796,Keith,Miller,0,2822,29
1797,Keith,Rowe,0,1655,8
1798,Kelley,Green,0,13104,26
1799,Kellie,Armstrong,0,10634,2
1800,Kelly,Tolhurst,1,31151,16
1801,Kelvin,Clayton,0,2124,20
1802,Kemi,Badenoch,1,39714,16
1803,Ken,Barker,0,1182,20
1804,Ken,Davy,0,15572,16
1805,Ken,Huggins,0,2261,20
1806,Ken,Pollock,0,185,23
1807,Ken,Rollings,0,961,23
1808,Kenneth,Lowry,0,254,63
1809,Kenny,MacAskill,0,21156,43
1810,Kerena,Marchant,0,15395,26
1811,Kerry,Briscoe,0,16504,16
1812,Kerry,McCarthy,1,27717,26
1813,Kerry,Smith,0,3316,23
1814,Kev,Barry,0,222,23
1815,Kevan,Jones,1,18639,26
1816,Kevin,Bonavia,0,6736,26
1817,Kevin,Brennan,1,23908,26
1818,Kevin,Cranney,0,494,49
1819,Kevin,Foster,1,29863,16
1820,Kevin,Harper,0,4151,8
1821,Kevin,Hickson,0,168,47
1822,Kevin,Hollinrake,1,35634,16
1823,Kevin,McGregor,0,9009,26
1824,Kevin,Walsh,0,1411,29
1825,Kevin,White,0,1783,20
1826,Kevin,Yuill,0,6165,8
1827,Khalid,Mahmood,1,26594,26
1828,Khalil,Ahmed,0,20552,26
1829,Khalil,Yousuf,0,2728,29
1830,Kieran,Mullan,0,28704,16
1831,Kieron,George,0,1208,61
1832,Kim,Caddy,0,21622,16
1833,Kim,Johnson,0,41170,26
1834,Kim,Knight,0,2610,8
1835,Kim,Rose,0,472,63
1836,Kim,Snape,0,18829,26
1837,Kirk,Kus,0,4478,8
1838,Kirsten,de Keyser,0,2746,20
1839,Kirsten,Oswald,0,24877,43
1840,Kirstene,Hair,1,17421,16
1841,Kirsty,Blackman,1,20205,43
1842,Kirsty,Finlayson,0,13452,16
1843,Kishan,Devani,0,7882,29
1844,Kit,Malthouse,1,36591,16
1845,Kizzi,Johannessen,0,1382,20
1846,Kris,Brown,0,3324,29
1847,Kuldip,Sahota,0,7591,26
1848,Kulvinder,Manik,0,2819,8
1849,Kwasi,Kwarteng,1,29141,16
1850,Kyle,Marsh,0,3736,29
1851,Kyle,Taylor,0,52,1
1852,Kyle,Thornton,0,6237,16
1853,Kylie,Keens,0,347,23
1854,Lady Lily,The Pink,0,345,33
1855,Lance,Mitchell,0,2717,20
1856,Lara,Chaplin,0,9310,26
1857,Laura,Coyle,0,18136,29
1858,Laura,Davison,0,14146,26
1859,Laura,Evans,0,17692,16
1860,Laura,Farris,0,34431,16
1861,Laura,Fisk,0,739,20
1862,Laura,Gordon,0,18997,29
1863,Laura,Jones,0,5749,16
1864,Laura,McAlpine,0,13447,26
1865,Laura,McCarthy,0,5614,29
1866,Laura,Mitchell,0,21599,43
1867,Laura,Pidcock,1,18846,26
1868,Laura,Smith,1,20196,26
1869,Laura,Trott,0,30932,16
1870,Laura,Walker,0,1762,61
1871,Lauren,Bennie,0,3558,16
1872,Lauren,Dingsdale,0,16509,26
1873,Lauren,Sullivan,0,13999,26
1874,Laurence,Robertson,1,35728,16
1875,Laurence,Waterhouse,0,1077,61
1876,Laurence,Williams,0,508,21
1877,Laurie,Needham,0,2664,20
1878,Lavinia,O'Connor,0,19633,26
1879,Layla,Moran,1,31340,29
1880,Leanne,Lewis,0,2013,37
1881,Leanne,Murray,0,1817,8
1882,Leanne,Werner,0,6528,26
1883,Lee,Anderson,0,19231,16
1884,Lee,Dargue,0,2228,29
1885,Lee,Derrick,0,1770,61
1886,Lee,Dillon,0,18384,29
1887,Lee,Garrett,0,76,23
1888,Lee,Howgate,0,12114,29
1889,Lee,Huntbach,0,1208,20
1890,Lee,McCall,0,327,23
1891,Lee,Montague-Trenchard,0,1918,8
1892,Lee,Rowley,1,28897,16
1893,Leigh,Higgins,0,16720,16
1894,Leo,Docherty,1,27980,16
1895,Leo,Grandison,0,1028,8
1896,Leon,French,0,1012,61
1897,Leon,Peters,0,448,63
1898,Les,Durance,0,1078,8
1899,Lesley,Kaya,0,1573,8
1900,Lesley,Laird,1,15325,26
1901,Lesley,Rollings,0,5157,29
1902,Lesley,Wright,0,3252,8
1903,Leslie,Groves Williams,0,2006,20
1904,Leslie,Willis,0,1428,8
1905,Lewis,Bartoli,0,22071,16
1906,Lewis,North,0,11716,29
1907,Lewis,Whyte,0,4123,26
1908,Lia,Nici,0,18150,16
1909,Liam,Byrne,1,35397,26
1910,Liam,Canham,0,4715,26
1911,Liam,Fox,1,32801,16
1912,Liam,McKechnie,0,197,42
1913,Lian,Pizzey,0,1388,20
1914,Lilian,Greenwood,1,26586,26
1915,Lily,Clough,0,1132,20
1916,Linda,Edwards-Shea,0,12118,26
1917,Linda,Jack,0,2063,29
1918,Linda,Johnson,0,5215,29
1919,Linden,Kemkaran,0,9681,16
1920,Lindsay,Hoyle,1,26831,51
1921,Lindsay,Whittle,0,6424,37
1922,Lisa,Cameron,1,26113,43
1923,Lisa,Forbes,1,19754,26
1924,Lisa,Goodier,0,2704,37
1925,Lisa,Nandy,1,21042,26
1926,Lisa,Nash,0,4132,29
1927,Lisa,Robillard Webb,0,14374,26
1928,Lisa,Scott-Conte,0,1874,20
1929,Lisa,Smart,0,17169,29
1930,Lisabela,Marschild,0,118,50
1931,Lisa-Maria,Bornemann,0,4310,29
1932,Liz,Aspden,0,123,23
1933,Liz,Bell,0,9327,26
1934,Liz,Hind,0,15364,26
1935,Liz,Jarvis,0,2503,29
1936,Liz,Kendall,1,17291,26
1937,Liz,McInnes,1,19790,26
1938,Liz,Pole,0,11654,26
1939,Liz,Savage,0,18767,26
1940,Liz,Saville Roberts,1,14447,37
1941,Liz,Spencer,0,689,20
1942,Liz,Twist,1,19794,26
1943,Liz,Webster,0,15270,29
1944,Lizzi,Collinge,0,17571,26
1945,Lloyd,Day,0,1304,20
1946,Lloyd,Russell-Moyle,1,25033,27
1947,Lois,Davis,0,1529,20
1948,Loraine,Birchall,0,2025,29
1949,Lord,Buckethead,0,125,33
1950,Loré,Lixenberg,0,76,23
1951,Lorna,Robertson,0,4961,26
1952,Lorna,Rowland,0,670,23
1953,Lorraine,Johnson,0,3924,29
1954,Lorraine,Nolan,0,7011,16
1955,Louie,French,0,17353,16
1956,Louis,Adam,0,4995,29
1957,Louis,Stephen,0,1694,20
1958,Louise,Calland,0,15280,16
1959,Louise,Haigh,1,21475,26
1960,Louise,Harris,0,4992,29
1961,Louise,Hughes,0,1776,8
1962,Louise,Jewkes,0,1191,20
1963,Louise,McPhater,0,6583,26
1964,Louise,Potter,0,14773,29
1965,Louise,Staite,0,10303,16
1966,Louise,Thistlethwaite,0,18804,16
1967,Louise,Walker,0,15064,26
1968,Louise,Webberley,0,8860,26
1969,Louise,Young,0,2107,29
1970,Loyd,Emmerson,0,514,20
1971,Luciana,Berger,1,17600,29
1972,Lucy,Allan,1,25546,16
1973,Lucy,Bannister,0,1968,20
1974,Lucy,Brown,0,1201,61
1975,Lucy,Burke,0,21632,26
1976,Lucy,Caldicott,0,9270,26
1977,Lucy,Downes,0,2705,20
1978,Lucy,Frazer,1,32187,16
1979,Lucy,Hurds,0,6181,29
1980,Lucy,O'Sullivan,0,1165,8
1981,Lucy,Powell,1,36823,27
1982,Luigi,Gregori,0,10283,29
1983,Luke,Balnave,0,1042,20
1984,Luke,Evans,0,36056,16
1985,Luke,Ferguson,0,260,23
1986,Luke,Fletcher,0,2919,37
1987,Luke,Graham,1,22384,16
1988,Luke,Hall,1,30202,16
1989,Luke,Pollard,1,25461,27
1990,Luke,Taylor,0,3717,29
1991,Lyn,Brown,1,42181,26
1992,Lyn,Morton,0,916,20
1993,Lynda,Murphy,0,17083,29
1994,Lyndsay,McAteer,0,1257,20
1995,Lynn,Denham,0,19098,26
1996,Lynn,Munro,0,14403,16
1997,Lynne,Nailon,0,8054,16
1998,Mad Mike,Young,0,404,33
1999,Madeleine,Moon,1,17036,26
2000,Maggie,Throup,1,27560,16
2001,Mags,Hall,0,1258,20
2002,Mags,Lewis,0,1669,20
2003,Majid,Khan,0,9000,26
2004,Malcolm,Wallace,0,2198,20
2005,Malcolm,Webster,0,5396,8
2006,Malik,Rofidi,0,13858,26
2007,Mandy,Rossi,0,2638,20
2008,Marc,Bayliss,0,15070,16
2009,Marc,Bozza,0,1257,8
2010,Marc,Nykolyszyn,0,14018,16
2011,Marc,Stanton,0,2275,8
2012,Marc,Tierney,0,14438,26
2013,Marco,Longhi,0,23134,16
2014,Marcus,Fysh,1,34588,16
2015,Marcus,Jones,1,27390,16
2016,Margaret,Beckett,1,21690,26
2017,Margaret,Dennis,0,968,63
2018,Margaret,Ferrier,0,23775,43
2019,Margaret,Greenwood,1,20695,26
2020,Margaret,Hodge,1,27219,26
2021,Margaret,McMahon-Morris,0,154,23
2022,Margaret,Rowley,0,6474,29
2023,Margaret Anne,McKillop,0,2943,46
2024,Mari,Arthur,0,7048,37
2025,Maria,Carroll,0,8622,26
2026,Maria,Caulfield,1,26268,16
2027,Maria,Eagle,1,38578,26
2028,Maria,Miller,1,29593,16
2029,Marianne,Overton,0,1999,31
2030,Marie,Goldman,0,14313,29
2031,Marie,Rimmer,1,29457,26
2032,Marietta,King,0,917,63
2033,Marina,Ahmad,0,13024,26
2034,Mario,Creatura,0,21175,16
2035,Marion,Fellows,1,20622,43
2036,Marion,Turner-Hawes,0,1821,20
2037,Mark,Alcock,0,1907,29
2038,Mark,Argent,0,9432,29
2039,Mark,Barber,0,152,23
2040,Mark,Barton,0,667,61
2041,Mark,Beckett,0,5899,16
2042,Mark,Beech,0,336,33
2043,Mark,Brexit-Smith,0,9439,23
2044,Mark,Brooks,0,19069,16
2045,Mark,Brown,0,14133,16
2046,Mark,Burdon,0,1189,58
2047,Mark,Christie,0,1349,29
2048,Mark,Clayton,0,2252,29
2049,Mark,Conway,0,212,47
2050,Mark,Cunningham,0,2968,8
2051,Mark,Dormer,0,11622,16
2052,Mark,Dougan,0,7571,16
2053,Mark,Eastwood,0,26179,16
2054,Mark,Evans,0,2446,37
2055,Mark,Fletcher,0,21791,16
2056,Mark,Francois,1,39864,16
2057,Mark,Garnier,1,32960,16
2058,Mark,Gitsham,0,9150,29
2059,Mark,Goacher,0,1530,20
2060,Mark,Gray,0,1475,23
2061,Mark,Griffin,0,2542,8
2062,Mark,Harper,1,30680,16
2063,Mark,Hendrick,1,20870,27
2064,Mark,Huband,0,13631,26
2065,Mark,Jenkinson,0,20488,16
2066,Mark,Jewell,0,3748,29
2067,Mark,Johnson,0,2680,29
2068,Mark,Keir,0,1090,20
2069,Mark,Lawrence,0,580,33
2070,Mark,Lehain,0,15589,16
2071,Mark,Lindop,0,1435,20
2072,Mark,Logan,0,19759,16
2073,Mark,McDonald,0,13361,26
2074,Mark,McGeever,0,2791,29
2075,Mark,Menzies,1,28432,16
2076,Mark,Pawsey,1,29255,16
2077,Mark,Peart,0,3394,8
2078,Mark,Popple,0,6500,26
2079,Mark,Pritchard,1,31029,16
2080,Mark,Redding,0,627,20
2081,Mark,Sewards,0,5480,26
2082,Mark,Spencer,1,32049,16
2083,Mark,Tami,1,18271,26
2084,Mark,Tunnicliff,0,588,66
2085,Mark,Weston,0,21638,16
2086,Mark,Williams,0,6975,29
2087,Mark,Wilson,0,617,20
2088,Marna,Gilligan,0,1397,20
2089,Marsha,De Cordova,1,27290,26
2090,Marten,Hall,0,5764,8
2091,Martha,Anachury,0,6399,26
2092,Martha,Green,0,1493,20
2093,Martin,Allen,0,2715,20
2094,Martin,Blake,0,1613,20
2095,Martin,Brampton,0,2263,20
2096,Martin,Daubney,0,2501,8
2097,Martin,Docherty-Hughes,1,22396,43
2098,Martin,Dowey,0,17943,16
2099,Martin,Edobor,0,8794,26
2100,Martin,Goss,0,7432,29
2101,Martin,Hemingway,0,1389,20
2102,Martin,Hogbin,0,521,33
2103,Martin,Kelly,0,1628,5
2104,Martin,McCluskey,0,11783,26
2105,Martin,Mitchell,0,11821,26
2106,Martin,Pepper,0,5473,29
2107,Martin,Potter,0,584,23
2108,Martin,Power,0,3039,8
2109,Martin,Roberts,0,964,61
2110,Martin,Saunders,0,7280,29
2111,Martin,Sawyer,0,2031,29
2112,Martin,Vickers,1,31969,16
2113,Martin,Walker,0,3907,8
2114,Martin,Waring,0,1219,8
2115,Martin,Whitfield,1,17270,26
2116,Martin,Wrigley,0,11689,29
2117,Martin,York,0,2037,8
2118,Martyn,Day,1,25551,43
2119,Martyn,Ford,0,435,23
2120,Martyn,Nelson,0,1658,8
2121,Martyn,Pennington,0,2727,29
2122,Mary,Cavill,0,1070,23
2123,Mary,Creagh,1,17925,26
2124,Mary,Foy,0,20531,26
2125,Mary,Glindon,1,25051,26
2126,Mary,Ion,0,1546,20
2127,Mary,Noone,0,4773,16
2128,Mary,Roberts,0,10991,26
2129,Mary,Robinson,1,25694,16
2130,Mary,Wimbury,0,13068,27
2131,Mary Ann,McKenna,0,2246,8
2132,Mary Kate,Ross,0,4275,26
2133,Mathew,Rodda,1,27102,26
2134,Matt,Browne,0,1477,20
2135,Matt,Buckler,0,2058,20
2136,Matt,Bunday,0,5644,26
2137,Matt,Dilworth,0,322,23
2138,Matt,Kerr,0,12743,27
2139,Matt,Mickler,0,4290,8
2140,Matt,Sanders,0,13121,29
2141,Matt,Stratford,0,1322,20
2142,Matt,Turmaine,0,7166,26
2143,Matt,Uberoi,0,10872,26
2144,Matt,Vickers,0,27764,16
2145,Matt,Warman,1,31963,16
2146,Matt,Western,1,23718,26
2147,Matt,Wood,0,1390,8
2148,Matthew,Beaumont,0,2650,2
2149,Matthew,Clover,0,1196,61
2150,Matthew,Edwards,0,983,20
2151,Matthew,Evans,0,18075,16
2152,Matthew,Faithfull,0,591,63
2153,Matthew,Hancock,1,33842,16
2154,Matthew,Handley,0,1141,20
2155,Matthew,Kirk,0,7314,29
2156,Matthew,Offord,1,26878,16
2157,Matthew,Pennycook,1,30185,26
2158,Matthew,Randall,0,10373,26
2159,Matthew,Robinson,0,1959,16
2160,Matthew,Rose,0,132,47
2161,Matthew,Severn,0,5364,29
2162,Matthew,Snedker,0,1057,20
2163,Matthew,Theobald,0,2618,29
2164,Matthew,Winnington,0,8006,29
2165,Mattie,Heaven,0,19143,16
2166,Maureen,Martin,0,277,12
2167,Maurice,Macartney,0,790,20
2168,Max,Wilkinson,0,27505,29
2169,McNabb,Laurie,0,3133,29
2170,Meera,Chadha,0,2874,29
2171,Meg,Hillier,1,39884,27
2172,Megan,Debenham,0,1508,20
2173,Megan,Lloyd,0,728,20
2174,Meghan,Gallacher,0,7150,16
2175,Meirion,Jenkins,0,8426,16
2176,Mel,Boyle,0,3526,2
2177,Mel,Stride,1,32095,16
2178,Melanie,Dudley,0,11601,26
2179,Melanie,Horrocks,0,1870,20
2180,Melanie,Onn,1,10819,26
2181,Melanie,Roberts,0,230,63
2182,Melanie,Wakley,0,888,20
2183,Meri,O'Connell,0,4460,29
2184,Mev,Brown,0,114,47
2185,Mhairi,Black,1,21637,43
2186,Mhairi,Threlfall,0,20647,26
2187,Michael,Boyle,0,277,23
2188,Michael,Bukola,0,1957,29
2189,Michael,Byfield,0,1385,20
2190,Michael,Cooper,0,2469,8
2191,Michael,Cope,0,820,20
2192,Michael,Crichton,0,3573,29
2193,Michael,Ellis,1,21031,16
2194,Michael,Fabricant,1,34844,16
2195,Michael,Flynn,0,178,12
2196,Michael,Fox,0,2158,29
2197,Michael,Gould,0,505,23
2198,Michael,Gove,1,34358,16
2199,Michael,Henderson,0,1259,64
2200,Michael,Jones,0,9424,26
2201,Michael,Joyce,0,394,23
2202,Michael,Kane,1,23855,26
2203,Michael,McGetrick,0,333,47
2204,Michael,Mullaney,0,9096,29
2205,Michael,O'Carroll,0,2993,29
2206,Michael,Peacock,0,2831,29
2207,Michael,Robinson,0,5833,8
2208,Michael,Savage,0,14517,46
2209,Michael,Taylor,0,127,47
2210,Michael,Tomlinson,1,29548,16
2211,Michael,Virgo,0,168,63
2212,Michael,Welton,0,660,20
2213,Michal,Chantkowski,0,1005,20
2214,Michele,Middleditch,0,6562,26
2215,Michele,Scott,0,8724,16
2216,Michelle,Dewberry,0,5638,8
2217,Michelle,Donelan,1,30994,16
2218,Michelle,Gildernew,1,21986,45
2219,Michelle,Vacciana,0,1183,20
2220,Mick,Clark,0,18407,29
2221,Mick,Coyne,0,501,28
2222,Mick,Gregg,0,1502,20
2223,Mick,Whitley,0,24990,26
2224,Mickey,Brady,1,20287,45
2225,Mickie,Ritchie,0,1877,20
2226,Mike,Amesbury,1,22772,26
2227,Mike,Beckett,0,5866,29
2228,Mike,Carter,0,1166,20
2229,Mike,Cox,0,9277,29
2230,Mike,Davies,0,31,3
2231,Mike,Davies,0,6639,26
2232,Mike,Freer,1,24162,16
2233,Mike,Gapes,1,3891,57
2234,Mike,Greene,0,2127,8
2235,Mike,Hamilton,0,2121,29
2236,Mike,Harrison,0,739,20
2237,Mike,Hibbs,0,12120,29
2238,Mike,Hill,1,15464,26
2239,Mike,Jackson,0,1675,20
2240,Mike,Jordan,0,1900,61
2241,Mike,Lammiman,0,50,20
2242,Mike,Penning,1,28968,16
2243,Mike,Powell,0,1792,23
2244,Mike,Ross,0,2084,29
2245,Mike,Smith-Clare,0,10930,27
2246,Mike,Spencer,0,15006,16
2247,Mike,Spracklin,0,883,20
2248,Mike,Stubbs,0,11742,26
2249,Mike,Wood,1,24835,16
2250,Miles,Hurley,0,111,23
2251,Mims,Davies,1,33455,16
2252,Miriam,Cates,0,23688,16
2253,Mitch,William,0,1132,8
2254,Mitchell,Feierstein,0,852,8
2255,Mo,Ali,0,19082,16
2256,Mohammad,Bhatti,0,138,63
2257,Mohammad,Yasin,1,20491,26
2258,Mohammed,Afzal,0,6717,16
2259,Mohammed,Ashraf,0,489,23
2260,Moira,Benny,0,11207,16
2261,Moira,Ramage,0,10958,26
2262,Molly,Scott Cato,0,4954,20
2263,Monica,Digney,0,1635,5
2264,Monica,Harding,0,28389,29
2265,Monique,Bonney,0,1257,23
2266,Monique,McAdams,0,12791,26
2267,Monique,Miller,0,2051,26
2268,Monty,Brack,0,292,23
2269,Morgan,Bowler-Brown,0,1441,37
2270,Moses,Etienne,0,789,8
2271,Munira,Wilson,0,36166,29
2272,Munish,Sharma,0,1008,8
2273,Mussadak,Mirza,0,13778,16
2274,Nabila,Ahmed,0,14405,26
2275,Nadhim,Zahawi,1,33343,16
2276,Nadia,Whittome,0,25735,26
2277,Nadine,Dorries,1,38692,16
2278,Naomi,Long,0,19055,2
2279,Narinder,Sekhon,0,16044,16
2280,Nasir,Adam,0,2386,37
2281,Nat,Green,0,5906,29
2282,Natalie,Carswell,0,1330,20
2283,Natalie,Elphicke,0,28830,16
2284,Natalie,Fleet,0,11971,26
2285,Natalie,Hoy,0,470,23
2286,Natalie,Neale,0,10931,16
2287,Natalie,Thomas,0,1630,20
2288,Nathan,Gill,0,4490,8
2289,Nathan,Sutton,0,916,23
2290,Nathan,Wilson,0,6113,16
2291,Navendu,Mishra,0,21695,26
2292,Navin,Kumar,0,1107,23
2293,Naz,Shah,1,33736,26
2294,Neale,Hanvey,0,16568,43
2295,Ned,Thompson,0,681,23
2296,Neil,Anderson,0,960,8
2297,Neil,Christian,0,5684,29
2298,Neil,Coyle,1,31723,26
2299,Neil,Darby,0,1737,29
2300,Neil,Gray,1,17929,43
2301,Neil,Hipkiss,0,869,8
2302,Neil,Holden,0,443,23
2303,Neil,Hudson,0,28875,16
2304,Neil,Hughes,0,1525,29
2305,Neil,Jackson,0,1148,20
2306,Neil,Jameson,0,2159,20
2307,Neil,Mitchison,0,637,29
2308,Neil,O'Brien,1,31698,16
2309,Neil,Parish,1,35893,16
2310,Neil,Puttick,0,17581,26
2311,Neil,Richardson,0,2611,64
2312,Neil,Taylor,0,454,28
2313,Neil,Wilson,0,619,63
2314,Neil,Wood,0,142,23
2315,Neva,Novaky,0,6954,16
2316,Nia,Griffith,1,16125,26
2317,Niall,Hodson,0,3025,29
2318,Nic,Dakin,1,13855,26
2319,Nicholas,Brown,0,2500,8
2320,Nicholas,Brown,0,1438,20
2321,Nicholas,Brown,1,26049,26
2322,Nicholas,Coombes,0,3527,29
2323,Nicholas,Cott,0,4357,29
2324,Nicholas,Cox,0,1281,20
2325,Nicholas,Goulding,0,1380,8
2326,Nicholas,Green,0,457,33
2327,Nicholas,Moohan,0,1093,29
2328,Nicholas,Stovold,0,6528,16
2329,Nicholas,Szkiler,0,1479,8
2330,Nicholas,Wood,0,476,63
2331,Nick,Bubb,0,3888,20
2332,Nick,Chisholm,0,4172,26
2333,Nick,Coates,0,12422,29
2334,Nick,Cook,0,8161,16
2335,Nick,Cox,0,2439,20
2336,Nick,Delves,0,236,33
2337,Nick,Fletcher,0,19609,16
2338,Nick,Gibb,1,32521,16
2339,Nick,Hartley,0,2195,20
2340,Nick,Ireland,0,5432,29
2341,Nick,Jardine,0,961,23
2342,Nick,King,0,15214,16
2343,Nick,Lyle,0,2412,20
2344,Nick,Morphet,0,1723,20
2345,Nick,Mullins,0,1619,8
2346,Nick,Oliver,0,11243,16
2347,Nick,Perry,0,3960,29
2348,Nick,Smith,1,14862,26
2349,Nick,Stephens,0,11036,27
2350,Nick,Thomas-Symonds,1,15546,26
2351,Nick,Wakeling,0,8415,29
2352,Nickie,Aiken,0,17049,16
2353,Nicky,Cockburn,0,842,23
2354,Nicola,Bowden-Jones,0,16492,26
2355,Nicola,Day,0,3021,20
2356,Nicola,Horlick,0,12104,29
2357,Nicola,Jolly,0,2434,20
2358,Nicola,Richards,0,16804,16
2359,Nicola,Thomas,0,1432,8
2360,Nigel,Adams,1,33995,16
2361,Nigel,Ainsworth-Barnes,0,1220,20
2362,Nigel,Dodds,1,21135,18
2363,Nigel,Evans,1,33346,16
2364,Nigel,Furness,0,177,63
2365,Nigel,Hennerley,0,2088,20
2366,Nigel,Huddleston,1,37426,16
2367,Nigel,Hunt,0,2711,37
2368,Nigel,Jones,0,2361,29
2369,Nigel,Mills,1,29096,16
2370,Nigel,Peacock,0,471,23
2371,Nigel,Short,0,1040,23
2372,Nigel,Williams,0,1971,8
2373,Nigel,Winn,0,156,23
2374,Nina,Stimson,0,5312,29
2375,Nitesh,Dave,0,2800,29
2376,Noel,Coonan,0,169,23
2377,Norma,Burke,0,22,23
2378,Noshaba,Khiljee,0,8028,16
2379,Nuala,McAllister,0,4824,2
2380,Nukey,Proctor,0,2061,29
2381,Nurul Hoque,Ali,0,4939,26
2382,Nusrat,Ghani,1,37043,16
2383,Olga,FitzRoy,0,18646,26
2384,Oli,Henman,0,23811,29
2385,Oliver,Craven,0,5355,29
2386,Oliver,Dowden,1,32651,16
2387,Oliver,Durose,0,7243,26
2388,Oliver,Heald,1,31293,16
2389,Oliver,McMullan,0,2120,45
2390,Oliver,Sayers,0,1618,20
2391,Oliver,Thornton,0,11388,26
2392,Olivia,Blake,0,19709,26
2393,Olivio,Barreto,0,553,23
2394,Ollie,Sykes,0,2496,20
2395,Olly,Glover,0,8305,29
2396,Oni,Oviri,0,7688,16
2397,Órfhlaith,Begley,1,16544,45
2398,Osman,Sen-Chadun,0,1040,20
2399,Owen,Aspinall,0,548,61
2400,Owen,Lambert,0,2328,29
2401,Owen,Paterson,1,35444,16
2402,Owen,Thompson,0,20033,43
2403,P J,O'Gorman,0,939,23
2404,Paddy,Coffield,0,2431,26
2405,Paddy,Hannam,0,1136,8
2406,Pallavi,Devulapalli,0,1645,20
2407,Pam,Duncan-Glancy,0,11381,26
2408,Pam,Gosal,0,7455,16
2409,Pamela,Fitzpatrick,0,18765,26
2410,Parag,Shah,0,494,8
2411,Paris,Hayes,0,939,20
2412,Parvez,Akhtar,0,13031,16
2413,Pat,Cleary,0,1405,20
2414,Pat,Egan,0,9477,26
2415,Pat,McFadden,1,15522,26
2416,Pat,Moloney,0,2668,29
2417,Pat,Osborne,0,6737,26
2418,Patricia,Ferguson,0,11319,26
2419,Patricia,Gibson,1,23376,43
2420,Patricia,O'Lynn,0,6231,2
2421,Patrick,Brown,0,6916,2
2422,Patrick,Cox,0,818,20
2423,Patrick,Grady,1,16982,43
2424,Patrick,Keating,0,6935,29
2425,Patrick,McAleer,0,808,20
2426,Patrick,McDonald,0,7882,26
2427,Paul,Beresford,1,31656,16
2428,Paul,Bidwell,0,12065,26
2429,Paul,Blomfield,1,33968,26
2430,Paul,Bowers,0,1051,20
2431,Paul,Brady,0,1266,5
2432,Paul,Brierley,0,2980,8
2433,Paul,Bristow,0,22334,16
2434,Paul,Bullen,0,1789,23
2435,Paul,Campbell,0,768,8
2436,Paul,Cragg,0,113,23
2437,Paul,Crosland,0,565,23
2438,Paul,Doherty,0,2985,46
2439,Paul,Duffy,0,6026,29
2440,Paul,Edgeworth,0,2319,29
2441,Paul,Errock,0,1073,38
2442,Paul,Farmer,0,18064,26
2443,Paul,Follows,0,23374,29
2444,Paul,Girvan,1,15149,18
2445,Paul,Gray,0,5708,29
2446,Paul,Hague,0,6125,8
2447,Paul,Halloran,0,6432,22
2448,Paul,Harris,0,1602,29
2449,Paul,Holmes,0,32690,16
2450,Paul,Holmes,0,676,28
2451,Paul,Hopfensperger,0,1694,23
2452,Paul,Horton,0,1748,29
2453,Paul,Howell,0,19609,16
2454,Paul,Jacobs,0,2122,20
2455,Paul,Jeater,0,1679,20
2456,Paul,Jobson,0,463,12
2457,Paul,Joyce,0,10975,26
2458,Paul,Kennedy,0,19615,29
2459,Paul,Kohler,0,19745,29
2460,Paul,Lomas,0,2425,8
2461,Paul,Lorber,0,4065,29
2462,Paul,Maskey,1,20866,45
2463,Paul,Masterton,1,19451,16
2464,Paul,Maynard,1,22364,16
2465,Paul,Nicholson,0,413,28
2466,Paul,Parr,0,1296,29
2467,Paul,Ray,0,5632,29
2468,Paul,Robertson,0,17064,43
2469,Paul,Rowlinson,0,1406,37
2470,Paul,Scully,1,25235,16
2471,Paul,Sweeney,1,13363,27
2472,Paul,Thomas,0,2999,8
2473,Paul,Thorogood,0,2002,20
2474,Paul,Turpin,0,1811,20
2475,Paul,Valentine,0,2011,29
2476,Paul,Ward,0,1969,8
2477,Paul,Wharton,0,1974,20
2478,Paul,Whitehurst,0,6247,8
2479,Paul,Williams,1,22504,26
2480,Paul,Woodhead,0,2920,20
2481,Paul,Woodruff,0,1262,20
2482,Paul,Yates,0,1704,20
2483,Paul,Zukowskyj,0,6602,29
2484,Paula,Barker,0,31310,26
2485,Paula,Bradshaw,0,6786,2
2486,Paula,Ferguson,0,27445,29
2487,Paula,Sherriff,1,24618,26
2488,Paulette,Furse,0,695,23
2489,Pauline,Church,0,6711,16
2490,Pauline,Latham,1,29027,16
2491,Pavitar,Mann,0,10748,26
2492,Penelope,Becker,0,624,8
2493,Penny,Grennan,0,14603,26
2494,Penny,Mordaunt,1,28172,16
2495,Penny,Richards,0,10295,26
2496,Penny,Stables,0,1775,20
2497,Penny-Anne,O'Donnell,0,7381,16
2498,Peredur,Owen Griffiths,0,1722,37
2499,Perry,Smith,0,10926,26
2500,Pete,Byrne,0,9449,46
2501,Pete,Lowe,0,13963,26
2502,Pete,Prosser,0,2311,8
2503,Pete,Wilks,0,165,23
2504,Pete,Wishart,1,27362,43
2505,Peter,Aldous,1,31778,16
2506,Peter,Andras,0,1268,29
2507,Peter,Ashurst,0,2838,26
2508,Peter,Banks,0,1945,20
2509,Peter,Barrett,0,3780,29
2510,Peter,Bone,1,32277,16
2511,Peter,Bottomley,1,30475,16
2512,Peter,Brown,0,802,8
2513,Peter,Caton,0,1920,20
2514,Peter,Chowney,0,22853,26
2515,Peter,Connolly,0,867,20
2516,Peter,Cook,0,229,23
2517,Peter,Dain,0,1477,8
2518,Peter,Dawe,0,1041,8
2519,Peter,Dennington,0,670,20
2520,Peter,Dowd,1,39066,26
2521,Peter,Faithfull,0,275,23
2522,Peter,Fortune,0,11143,16
2523,Peter,Gibson,0,20901,16
2524,Peter,Grant,1,21234,43
2525,Peter,Harrop,0,13459,16
2526,Peter,Hill,0,1044,33
2527,Peter,Hopkins,0,1983,8
2528,Peter,Jackson,0,2018,29
2529,Peter,Jacobs,0,1299,20
2530,Peter,Kyle,1,32876,26
2531,Peter,Lamb,0,18680,26
2532,Peter,Marshall,0,101,1
2533,Peter,Maughan,0,2792,29
2534,Peter,Quentin,0,6478,16
2535,Peter,Shearman,0,8147,26
2536,Peter,Sims,0,1454,20
2537,Peter,Sonnex,0,999,8
2538,Peter,Telford,0,4693,8
2539,Peter,Underwood,0,1782,20
2540,Peter,Varley,0,577,20
2541,Peter,Watson,0,1428,23
2542,Peter,Wiltshire,0,2725,8
2543,Peymana,Assad,0,12997,26
2544,Phil,Knowles,0,5452,29
2545,Phil,Neve,0,2938,20
2546,Phil,Simpson,0,1112,20
2547,Phil,Taylor,0,118,23
2548,Phil,Wilson,1,15096,26
2549,Philip,Crook,0,1591,8
2550,Philip,Davies,1,27437,16
2551,Philip,Dunn,0,5418,29
2552,Philip,Dunne,1,32185,16
2553,Philip,Hollobone,1,29787,16
2554,Philip,Howells,0,7302,29
2555,Philip,James,0,1874,8
2556,Philip,Knowles,0,6989,29
2557,Philip,Randle,0,685,20
2558,Philip,Rogers,0,594,23
2559,Philip,Scott,0,10986,16
2560,Philip,Smith,0,4023,64
2561,Philippa,Broom,0,14645,16
2562,Philippa,Fleming,0,1891,20
2563,Philippa,Thompson,0,16319,26
2564,Philippa,Whitford,1,21486,43
2565,Phillip,Black,0,2293,26
2566,Phillip,Lee,1,23351,29
2567,Phillip,Mars,0,2685,8
2568,Pippa,Heylings,0,20697,29
2569,Pippa,Maslin,0,1160,20
2570,Portia,Vincent-Kirby,0,921,20
2571,Preet Kaur,Gill,1,21217,27
2572,Priti,Patel,1,32876,16
2573,Quinn,Daley,0,894,20
2574,Quinta,Arrey,0,240,12
2575,Raaj,Shamji,0,11277,16
2576,Rachael,Ferguson,0,1267,2
2577,Rachael,Maskell,1,27312,27
2578,Rachael,Schneider Ross,0,7838,26
2579,Rachel,Cabral,0,1653,20
2580,Rachel,Chance,0,1629,20
2581,Rachel,Eden,0,20276,27
2582,Rachel,Featherstone,0,1212,20
2583,Rachel,Hartshorne,0,1931,20
2584,Rachel,Hopkins,0,21787,26
2585,Rachel,Maclean,1,27907,16
2586,Rachel,McGann,0,8171,29
2587,Rachel,Reeves,1,22186,26
2588,Rachel,Smith-Lyte,0,2713,20
2589,Rachel,Storer,0,11474,16
2590,Raj,Chaggar,0,2094,8
2591,Rajin,Chowdhury,0,2125,29
2592,Rana,Das-Gupta,0,4207,29
2593,Ranil,Jayawardena,1,35280,16
2594,Ranjeev,Walia,0,5476,26
2595,Ray,Catesby,0,405,28
2596,Ray,Georgeson,0,2133,29
2597,Ray,Pearson,0,2012,8
2598,Rebecca,Bell,0,4262,29
2599,Rebecca,Daniels,0,563,20
2600,Rebecca,Forrest,0,2704,29
2601,Rebecca,Fraser,0,10467,16
2602,Rebecca,Gordon-Nesbitt,0,16497,26
2603,Rebecca,Hanson,0,1822,29
2604,Rebecca,Harris,1,33971,16
2605,Rebecca,Jenkins,0,11871,26
2606,Rebecca,Long-Bailey,1,28755,26
2607,Rebecca,Lury,0,5000,26
2608,Rebecca,Pow,1,34164,16
2609,Rebecca,Rees-Evans,0,3045,8
2610,Rebecca,Smith,0,20704,16
2611,Rebecca,Trimnell,0,4338,29
2612,Rebecca,Wain,0,1105,29
2613,Reece,Wilkes,0,1079,8
2614,Rehman,Chishti,1,28173,16
2615,Reza,Hossain,0,741,20
2616,Rhea,Barnes,0,3248,26
2617,Rhian,O'Connor,0,7253,29
2618,Rhiannon,Meades,0,14028,26
2619,Rhys,Taylor,0,3580,29
2620,Richard,Arkless,0,20873,43
2621,Richard,Bacon,1,36258,16
2622,Richard,Benwell,0,21432,29
2623,Richard,Bradley,0,1125,20
2624,Richard,Brighton-Knight,0,1862,29
2625,Richard,Browning-Smith,0,263,23
2626,Richard,Burden,1,18317,26
2627,Richard,Burgon,1,19464,26
2628,Richard,Byrne,0,626,28
2629,Richard,Dickson,0,9998,29
2630,Richard,Drax,1,30024,16
2631,Richard,Elvin,0,897,63
2632,Richard,Fuller,0,38443,16
2633,Richard,Galloway,0,50,71
2634,Richard,Graham,1,29159,16
2635,Richard,Holden,0,19990,16
2636,Richard,Holmes,0,3599,64
2637,Richard,Honnoraty,0,1039,61
2638,Richard,Howarth,0,875,20
2639,Richard,Jones,0,931,8
2640,Richard,Jones,0,203,23
2641,Richard,Kemp,0,4055,29
2642,Richard,Kilpatrick,0,2315,29
2643,Richard,Lucas,0,268,42
2644,Richard,Maxwell,0,960,29
2645,Richard,McCarthy,0,1616,20
2646,Richard,Milton,0,770,8
2647,Richard,Mitchell,0,272,12
2648,Richard,Monaghan,0,4122,8
2649,Richard,Morgan,0,18036,16
2650,Richard,Morris,0,8843,29
2651,Richard,Ogden,0,4331,8
2652,Richard,Phillips,0,721,28
2653,Richard,Quigley,0,18078,26
2654,Richard,Shaw,0,188,23
2655,Richard,Short,0,10335,16
2656,Richard,Taylor,0,6215,8
2657,Richard,Thomson,0,23885,43
2658,Richard,Tice,0,10603,8
2659,Richard,Trotman,0,922,20
2660,Richard,Watkin,0,2374,8
2661,Richard,Whelan,0,2069,29
2662,Richard Christian,Ings,0,609,8
2663,Rick,Middleton,0,9778,26
2664,Rick,Moore,0,2770,8
2665,Rick,Page,0,2486,20
2666,Rick,Stringer,0,503,23
2667,Rishi,Sunak,1,36693,16
2668,Rizwan Ali,Shah,0,319,23
2669,Rob,Bradley,0,609,23
2670,Rob,Butler,0,32737,16
2671,Rob,Colwell,0,3625,29
2672,Rob,Edwards,0,1796,20
2673,Rob,Grant,0,648,20
2674,Rob,Logan,0,4208,26
2675,Rob,McAllister-Bell,0,2696,29
2676,Rob,McCulloch Martin,0,837,63
2677,Rob,Nunney,0,1559,20
2678,Rob,O'Carroll,0,9236,29
2679,Rob,Roberts,0,16756,16
2680,Rob,Ross,0,1379,8
2681,Rob,Scorer,0,413,63
2682,Rob,Sherratt,0,1799,8
2683,Rob,Wheway,0,2426,29
2684,Rob,Wilson,0,4344,29
2685,Robbie,Butler,0,8606,64
2686,Robbie,Mack,0,1759,20
2687,Robbie,Moore,0,25298,16
2688,Robert,Alden,0,14119,16
2689,Robert,Bilcliff,0,814,63
2690,Robert,Buckland,1,26536,16
2691,Robert,Court,0,6627,29
2692,Robert,Courts,1,33856,16
2693,Robert,de Vito Boutin,0,2325,8
2694,Robert,Eggleston,0,15258,29
2695,Robert,Goodwill,1,27593,16
2696,Robert,Halfon,1,27510,16
2697,Robert,Hodgetts-Haley,0,1148,20
2698,Robert,Jenrick,1,34660,16
2699,Robert,Jones,0,1141,44
2700,Robert,King,0,10992,26
2701,Robert,Largan,0,24844,16
2702,Robert,Leslie,0,7874,43
2703,Robert,Lindsay,0,3144,20
2704,Robert,Lloyd,0,744,8
2705,Robert,Lockwood,0,3038,29
2706,Robert,Morgan,0,1811,8
2707,Robert,Neill,1,23958,16
2708,Robert,Nemeth,0,15832,16
2709,Robert,O'Riordan,0,4071,29
2710,Robert,Pearson,0,14167,26
2711,Robert,Rixson,0,5846,29
2712,Robert,Smith,0,900,8
2713,Robert,Smith,0,314,28
2714,Robert,Speirs,0,558,8
2715,Robert,Stephenson,0,308,63
2716,Robert,Swift,0,1954,29
2717,Robert,Syms,1,29599,16
2718,Robert,Wheal,0,556,23
2719,Roberto,Weeden-Sanz,0,14360,16
2720,Robin,Gwynn,0,10586,16
2721,Robin,Horsley,0,536,23
2722,Robin,Lambert,0,389,23
2723,Robin,Lunn,0,11547,26
2724,Robin,Millar,0,14687,16
2725,Robin,Swann,0,8139,64
2726,Robin,Tilbrook,0,532,19
2727,Robin,Walker,1,25856,16
2728,Rod,Cantrill,0,16137,29
2729,Rodney,Berman,0,612,29
2730,Roger,Carter,0,1146,8
2731,Roger,Gale,1,30066,16
2732,Roger,Glencross,0,124,63
2733,Roger,Godsiff,1,4273,23
2734,Roger,Harmer,0,3754,29
2735,Roger,Peacock,0,119,12
2736,Roger,Phillips,0,70,12
2737,Rohen,Kapur,0,80,71
2738,Roisin,Lynch,0,2288,46
2739,Ron,Emin,0,212,23
2740,Ron,Meldrum,0,1639,20
2741,Ron,Tindall,0,4171,29
2742,Ronnie,Cowan,1,19295,43
2743,Rory,O'Broin,0,9060,16
2744,Rory,Shannon,0,11302,26
2745,Ros,James,0,10551,26
2746,Rosa,Bolger,0,8770,27
2747,Rosalind,Garton,0,6045,26
2748,Rosalyn,Gordon,0,1611,29
2749,Rosamund,Adoo-Kissi-Debrah,0,1706,20
2750,Rosamund,Beattie,0,867,8
2751,Rosamund,Knight,0,8259,26
2752,Rose,Woods,0,674,20
2753,Rosemary,Duffield,1,29018,26
2754,Rosemary,McGowan,0,685,20
2755,Rosemary,Sexton,0,2022,20
2756,RoseMary,Warrington,0,714,20
2757,Rosena,Allin-Khan,1,30811,26
2758,Rosie,Cooper,1,27458,26
2759,Rosie,Cuckston,0,877,8
2760,Rosie,Dickson,0,221,23
2761,Rosie,Newbigging,0,16439,26
2762,Rosie,Sourbut,0,4258,26
2763,Rosie,Winterton,1,16638,26
2764,Ross,Houston,0,13347,26
2765,Ross,Pepper,0,4114,29
2766,Ross,Shipman,0,3021,29
2767,Ross,Stalker,0,3661,29
2768,Ross,Walker,0,517,23
2769,Ross,Wright,0,5817,8
2770,Rowan,Langley,0,1109,20
2771,Rowan,McLaughlin,0,491,20
2772,Roy,Dunn,0,122,23
2773,Roy,Freshwater,0,1080,63
2774,Roy,Horobin,0,2535,29
2775,Roy,Ivinson,0,87,23
2776,Royston,Smith,1,23952,16
2777,Roz,Hubley,0,77,47
2778,Roz,McCall,0,7380,16
2779,Rupa,Huq,1,28132,26
2780,Rupert,Moss-Eccardt,0,4298,29
2781,Rushanara,Ali,1,44052,26
2782,Rushi,Millns,0,4432,16
2783,Russell,Perrin,0,8342,16
2784,Ruth,Alcroft,0,15340,26
2785,Ruth,Betson,0,8812,16
2786,Ruth,Cadbury,1,29266,26
2787,Ruth,Coleman-Taylor,0,1019,29
2788,Ruth,Edwards,0,28765,16
2789,Ruth,Fabricant,0,2055,20
2790,Ruth,George,1,24254,26
2791,Ruth,Gripper,0,7150,29
2792,Ruth,Johnson,0,1813,20
2793,Ruth,Jones,1,18977,26
2794,Ruth,Norbury,0,1729,20
2795,Ruth,Smeeth,1,14688,26
2796,Ryan,Bate,0,5732,29
2797,Ryan,Carlin,0,555,45
2798,Ryan,Henson,0,20346,16
2799,Ryan,Houghton,0,7535,16
2800,Ryan,Jones,0,2565,29
2801,Ryan,Kett,0,868,61
2802,Ryan,Priest,0,1738,29
2803,Ryan,Williams,0,710,61
2804,Ryk,Downes,0,875,29
2805,Sabrina,Poole,0,3312,20
2806,Sabriye,Warsame,0,75,23
2807,Sacha,Gosine,0,14846,26
2808,Sachin,Sehgal,0,840,8
2809,Sadie,Vidal,0,9797,16
2810,Safia,Ali,0,6243,26
2811,Sajid,Javid,1,34408,16
2812,Salah,Faissal,0,136,23
2813,Salah,Wakie,0,100,23
2814,Saleyha,Ahsan,0,4688,29
2815,Sally,Boon,0,235,23
2816,Sally,Horscroft,0,1195,20
2817,Sally,Keeble,0,15524,26
2818,Sally,Pattle,0,4393,29
2819,Sally,Symington,0,6251,29
2820,Sally-Ann,Hart,0,26896,16
2821,Sam,Al-Hamdani,0,2423,29
2822,Sam,Bennett,0,2236,29
2823,Sam,Collins,0,1188,20
2824,Sam,Collins,0,20824,29
2825,Sam,Fisk,0,1182,29
2826,Sam,Jordan,0,7559,26
2827,Sam,Morland,0,500,4
2828,Sam,Moss,0,1239,20
2829,Sam,Nicholson,0,4204,64
2830,Sam,North,0,4584,29
2831,Sam,Tarry,0,35085,26
2832,Sam,Thurgood,0,9653,16
2833,Sam,Trask,0,11494,16
2834,Sam,Webber,0,1984,29
2835,Samantha,Charles,0,9496,26
2836,Samantha,George,0,20918,16
2837,Samir,Alsoodani,0,664,8
2838,Sammy,Barry,0,6317,29
2839,Sammy,Wilson,1,16871,18
2840,Samuel,Gyimah,1,9312,29
2841,Samuel,Sweek,0,13003,26
2842,Sandra,Keen,0,3407,26
2843,Sandra,Skinner,0,1139,8
2844,Sandy,Gilchrist,0,1656,8
2845,Sandy,Martin,1,19473,26
2846,Sanjay,Gogia,0,329,23
2847,Sanjoy,Sen,0,18058,16
2848,Saqib,Bhatti,0,34358,16
2849,Sara,Britcliffe,0,20565,16
2850,Sara,Jones,0,6307,16
2851,Sara,Kumar,0,9793,16
2852,Sarah,Atherton,0,15199,16
2853,Sarah,Bool,0,9422,16
2854,Sarah,Brown,0,1626,29
2855,Sarah,Chadwick,0,2335,8
2856,Sarah,Champion,1,14736,26
2857,Sarah,Church,0,19911,27
2858,Sarah,Codling,0,16923,16
2859,Sarah,Croke,0,986,20
2860,Sarah,Dines,0,29356,16
2861,Sarah,Green,0,1646,20
2862,Sarah,Hall,0,1193,20
2863,Sarah,Jones,1,27124,26
2864,Sarah,Lewis,0,12003,29
2865,Sarah,Martin,0,2301,29
2866,Sarah,Masson,0,17997,43
2867,Sarah,McKeown,0,1303,20
2868,Sarah,Olney,0,34559,29
2869,Sarah,Owen,0,23496,26
2870,Sarah,Wass,0,2981,8
2871,Sarah,Williams,0,10356,27
2872,Sarah,Wollaston,1,15027,29
2873,Sarah,Wood,0,2813,8
2874,Sashi,Mylvaganam,0,6841,29
2875,Scott,Ainslie,0,2567,20
2876,Scott,Bell,0,10528,16
2877,Scott,Benton,0,16247,16
2878,Scott,Dore,0,28,68
2879,Scott,Holman,0,788,8
2880,Scott,Mabbutt,0,1222,20
2881,Scott,Mann,1,30671,16
2882,Scott,Marmion,0,692,23
2883,Scott,Pattenden,0,8527,16
2884,Scott,Rutherford,0,1628,20
2885,Seamus,Martin,0,3224,8
2886,Seamus,McCauley,0,6946,26
2887,Sean,Dromgoole,0,8354,26
2888,Sean,Finch,0,295,30
2889,Sean,Malkeson,0,4127,16
2890,Sean,Waters,0,10824,26
2891,Seán,McNicholl,0,1731,5
2892,Seb,Leslie,0,1008,8
2893,Sebastian,Lowe,0,4244,16
2894,Sebastian,Sandys,0,182,33
2895,Seema,Malhotra,1,24876,27
2896,Seena,Shah,0,18752,16
2897,Selaine,Saxby,0,31479,16
2898,Serena,Laidley,0,149,67
2899,Shabana,Mahmood,1,33355,26
2900,Shade,Adoh,0,5922,16
2901,Shaden,Jaradat,0,7734,16
2902,Shahab,Adris,0,878,20
2903,Shahrar,Ali,0,2570,20
2904,Shailesh,Vara,1,40307,16
2905,Shana,Roberts,0,2674,29
2906,Shane,Harper,0,585,63
2907,Shannon,Butterfield,0,820,20
2908,Sharon,Galliford,0,2252,20
2909,Sharon,Hodgson,1,15941,26
2910,Sharron,Sumner,0,1038,20
2911,Shaun,Bailey,0,17419,16
2912,Shaun,Harkin,0,1332,36
2913,Shaun,Hughes,0,472,23
2914,Shaun,Sadler,0,614,23
2915,Shaun,Thomas,0,438,20
2916,Shazu,Miah,0,4081,29
2917,Sheila,Gilmore,0,12748,26
2918,Sheila,Kingston-Jones,0,1072,29
2919,Sheila,Shaw,0,1166,20
2920,Shengke,Zhi,0,5820,16
2921,Sherief,Hassan,0,1581,20
2922,Sheryll,Murray,1,31807,16
2923,Sheun,Oke,0,9756,16
2924,Shona,Haslam,0,17056,16
2925,Shona,Simpson,0,3834,26
2926,Siân,Caiach,0,280,21
2927,Sid,Cordle,0,268,12
2928,Sid,Pepper,0,527,23
2929,Sima,Davarian,0,6207,29
2930,Simon,Baynes,0,16222,16
2931,Simon,Bishop,0,5755,29
2932,Simon,Breedon,0,224,47
2933,Simon,Briscoe,0,3184,8
2934,Simon,Bull,0,2096,20
2935,Simon,Clarke,1,28135,16
2936,Simon,Clement-Jones,0,2916,29
2937,Simon,Cope,0,1060,20
2938,Simon,Dodd,0,2895,29
2939,Simon,Fell,0,23876,16
2940,Simon,Grover,0,1004,20
2941,Simon,Hall,0,771,20
2942,Simon,Hart,1,22183,16
2943,Simon,Hoare,1,35705,16
2944,Simon,Jeal,0,8504,26
2945,Simon,Jupp,0,32577,16
2946,Simon,Lepori,0,3111,29
2947,Simon,Letts,0,19454,26
2948,Simon,Rebbitt,0,850,20
2949,Simon,Rood,0,700,23
2950,Simon,Rous,0,363,65
2951,Simon,Sprague,0,3532,29
2952,Simon,Thomson,0,2560,29
2953,Simon,Tooke,0,1742,20
2954,Simon,Wall,0,2678,8
2955,Simone,Reynolds,0,3822,29
2956,Siobhain,McDonagh,1,27964,26
2957,Siobhan,Baillie,0,31582,16
2958,Siobhan,Strode,0,10290,26
2959,Sonia,Barker,0,13776,26
2960,Sonia,Hyner,0,1312,20
2961,Sonul,Badiani,0,9444,29
2962,Sonya,Ward,0,15178,26
2963,Sophie,Brown,0,1220,20
2964,Sophie,Cook,0,255,23
2965,Sophie,Cooke,0,7478,26
2966,Sophie,Richards,0,15720,16
2967,Sophie,Thornton,0,1330,29
2968,Sophie,Wilson,0,15652,26
2969,Sorcha,Eastwood,0,13087,2
2970,Stan,Pajak,0,4299,29
2971,Stef,Johnstone,0,405,30
2972,Stefan,Houghton,0,11869,16
2973,Steffan,Aquarone,0,7739,29
2974,Steffan,Webb,0,1606,37
2975,Steffie,Williams Roberts,0,10353,26
2976,Stella,Creasy,1,36784,27
2977,Stephanie,Peacock,1,14329,26
2978,Stephen,Barclay,1,38423,16
2979,Stephen,Barrett,0,6561,29
2980,Stephen,Brine,1,28430,16
2981,Stephen,Capper,0,6263,26
2982,Stephen,Cavell,0,7019,8
2983,Stephen,Crabb,1,21381,16
2984,Stephen,Donnelly,0,3979,2
2985,Stephen,Dorrell,0,16624,29
2986,Stephen,Doughty,1,27382,27
2987,Stephen,Farry,0,18358,2
2988,Stephen,Flynn,0,20388,43
2989,Stephen,Fulton,0,539,23
2990,Stephen,Gander,0,1530,8
2991,Stephen,Gethins,1,18447,43
2992,Stephen,Gray,0,1443,20
2993,Stephen,Hammond,1,20373,16
2994,Stephen,Harvey,0,458,23
2995,Stephen,Howse,0,4672,29
2996,Stephen,Kearney,0,3666,29
2997,Stephen,Kerr,1,17641,16
2998,Stephen,Kinnock,1,17008,26
2999,Stephen,Lloyd,1,22620,29
3000,Stephen,McCabe,1,27714,26
3001,Stephen,McPartland,1,25328,16
3002,Stephen,Metcalfe,1,29973,16
3003,Stephen,Morgan,1,23068,26
3004,Stephen,Palmer,0,246,23
3005,Stephen,Porter,0,1517,29
3006,Stephen,Priestnall,0,386,20
3007,Stephen,Psallidas,0,2539,29
3008,Stephen,Rice,0,11648,26
3009,Stephen,Richmond,0,3398,29
3010,Stephen,Timms,1,41703,26
3011,Stephen,Ward,0,1308,8
3012,Stephen,Whyte,0,454,23
3013,Steve,Aiken,0,5475,64
3014,Steve,Arrundale,0,3393,29
3015,Steve,Baker,1,24766,16
3016,Steve,Bayliss,0,2917,8
3017,Steve,Bray,0,949,29
3018,Steve,Burgess,0,1971,20
3019,Steve,Caudwell,0,2667,20
3020,Steve,Cotten,0,580,23
3021,Steve,Double,1,31273,16
3022,Steve,Gee,0,13946,29
3023,Steve,Gribbon,0,1800,29
3024,Steve,Kelleher,0,1523,8
3025,Steve,Leyland,0,1217,20
3026,Steve,Masters,0,2454,20
3027,Steve,Mullins,0,245,23
3028,Steve,Radford,0,1826,28
3029,Steve,Reed,1,36495,27
3030,Steven,Bolton,0,763,8
3031,Steven,Bonnar,0,22680,43
3032,Steven,Galton,0,16043,16
3033,Steven,George,0,240,25
3034,Steven,Jackson,0,16701,16
3035,Steven,Lambert,0,10081,29
3036,Steven,Neville,0,1975,20
3037,Steven,Pritchard,0,1116,29
3038,Stevie,Manion,0,959,61
3039,Stewart,Gardiner,0,16179,16
3040,Stewart,Golton,0,5155,29
3041,Stewart,Goshawk,0,1395,20
3042,Stewart,Harper,0,13222,16
3043,Stewart,Hosie,1,24361,43
3044,Stewart,Mackay,0,777,23
3045,Stewart,Stone,0,1510,29
3046,Stewart Ian,Scott,0,3362,8
3047,Stewart Malcolm,McDonald,1,22829,43
3048,Stuart,Anderson,0,19864,16
3049,Stuart,Andrew,1,26453,16
3050,Stuart,Bestwick,0,12847,16
3051,Stuart,Brady,0,20785,26
3052,Stuart,Hale,0,1666,8
3053,Stuart,Jeffery,0,2172,20
3054,Stuart,Kelly,0,1620,29
3055,Stuart,Martin,0,382,63
3056,Stuart,McCutcheon,0,171,23
3057,Stuart,Powell,0,651,8
3058,Stuart,Thomas,0,2428,29
3059,Stuart,Waiton,0,1271,8
3060,Stuart,Wells,0,816,8
3061,Stuart C.,McDonald,1,24158,43
3062,Sudhir,Sharma,0,1215,8
3063,Sue,Aitkenhead,0,10483,27
3064,Sue,Close,0,1494,29
3065,Sue,Harrison,0,1268,8
3066,Sue,Howarth,0,2177,20
3067,Sue,MacFarlane,0,1931,20
3068,Sue,Prior,0,337,23
3069,Sue,Wixley,0,8548,29
3070,Suella,Braverman,1,36459,16
3071,Suneil,Basu,0,1834,20
3072,Suria,Aujla,0,8822,16
3073,Surjit,Duhre,0,6842,8
3074,Susan,Boucher,0,3605,8
3075,Susan,Dungworth,0,16728,27
3076,Susan,Glass,0,521,20
3077,Susan,Gregory,0,10355,26
3078,Susan,Hayman,1,16312,26
3079,Susan,Hills,0,1453,37
3080,Susan,Jones,1,14983,26
3081,Susan,McDonnell,0,1448,58
3082,Susan,Murray,0,2966,29
3083,Susannah,De Sanvil,0,862,23
3084,Sushil,Gaikwad,0,125,23
3085,Susie,Quatermass,0,270,34
3086,Suzanna,Austin,0,4078,29
3087,Suzanne,Fernandes,0,287,12
3088,Suzanne,Webb,0,27534,16
3089,Suzette,Watson,0,17335,26
3090,Suzie,O'Brien,0,951,8
3091,Tahir,Ali,0,35889,26
3092,Taiwo,Owatemi,0,20918,26
3093,Talia,Hussain,0,1987,20
3094,Tamara,Reay,0,11455,16
3095,Tamkeen,Shaikh,0,11792,16
3096,Tammy,Palmer,0,3168,29
3097,Tan,Bui,0,130,23
3098,Tan,Dhesi,1,29421,26
3099,Tara,Baldwin,0,1243,8
3100,Tariq,Mahmood,0,1691,8
3101,Tariq,Mahmood,0,3933,29
3102,Tarsilo,Onuluk,0,4510,16
3103,Tay,Pitman,0,1365,20
3104,Tayub,Amjad,0,16079,16
3105,Te Ata,Browne,0,975,20
3106,Teck,Khong,0,321,23
3107,Ted,Grant,0,814,20
3108,Ted,Thompson,0,4745,26
3109,Teixeira,Hambro,0,1060,8
3110,Tele,Lawal,0,12187,26
3111,Terence,McHale,0,1562,8
3112,Teresa,Beddis,0,11522,26
3113,Teresa,Murray,0,14079,26
3114,Teresa,Skelton,0,292,25
3115,Terri,Eynon,0,13411,26
3116,Terry,Ledlie,0,3761,26
3117,Terry,London,0,209,23
3118,Terry,Savage,0,11652,26
3119,Tess,White,0,5149,16
3120,Tessa,Munt,0,23345,29
3121,Thangam,Debbonaire,1,47028,26
3122,The Very Raving,Mr P,0,113,33
3123,Thelma,Walker,1,24379,26
3124,Theo,Clarke,0,29992,16
3125,Theresa,May,1,32620,16
3126,Theresa,Villiers,1,25745,16
3127,Thérèse,Coffey,1,32958,16
3128,Thom,Chapman,0,2151,29
3129,Thom,Kirkwood,0,9483,26
3130,Thomas,Braich,0,148,70
3131,Thomas,Brake,1,20193,29
3132,Thomas,Buchanan,0,9066,18
3133,Thomas,Clarke,0,3862,29
3134,Thomas,Crawford,0,816,29
3135,Thomas,Darwood,0,574,23
3136,Thomas,Haddow,0,4224,16
3137,Thomas,Hall,0,181,71
3138,Thomas,Hughes,0,1943,29
3139,Thomas,Janke,0,4067,29
3140,Thomas,Kerr,0,5709,16
3141,Thomas,Scripps,0,37,48
3142,Thomas,Stewart,0,1394,20
3143,Thomas,Tugendhat,1,35784,16
3144,Thomas,Turrell,0,11721,16
3145,Thomas,Van de Bilt,0,8305,26
3146,Tim,Bearder,0,8831,29
3147,Tim,Corry,0,4775,26
3148,Tim,Dawes,0,1491,20
3149,Tim,Griffiths,0,807,8
3150,Tim,Lee,0,2367,20
3151,Tim,Loughton,1,27107,16
3152,Tim,McCullough,0,3348,8
3153,Tim,Norman,0,1686,61
3154,Tim,Page,0,1881,8
3155,Tim,Price,0,1999,8
3156,Tim,Sly,0,1447,29
3157,Tim,Styles,0,5861,29
3158,Tim,Taylor,0,14862,26
3159,Tim,Weller,0,111,23
3160,Timothy,Ball,0,2883,29
3161,Timothy,Farron,1,25795,29
3162,Timothy,Prosser,0,2480,8
3163,Tina,McKay,0,17494,26
3164,Tobias,Ellwood,1,24926,16
3165,Toby,Perkins,1,18171,26
3166,Toby,Williams,0,11482,16
3167,Tom,Adamson,0,2002,20
3168,Tom,Bennett,0,9594,16
3169,Tom,Bewick,0,2887,8
3170,Tom,Bradley,0,4133,16
3171,Tom,Bright,0,2246,8
3172,Tom,Chatwin,0,8948,26
3173,Tom,Corbin,0,9675,26
3174,Tom,Crone,0,3017,20
3175,Tom,Davies,0,3944,26
3176,Tom,D'Silva,0,15372,16
3177,Tom,Elliott,0,21929,64
3178,Tom,Fox,0,186,55
3179,Tom,Franklin,0,2107,20
3180,Tom,Franks,0,2573,29
3181,Tom,Gordon,0,3147,29
3182,Tom,Hancock,0,7656,29
3183,Tom,Heyes,0,900,20
3184,Tom,Hunt,0,24952,16
3185,Tom,Inglis,0,4971,29
3186,Tom,Lord,0,18589,16
3187,Tom,McLaughlin,0,1885,20
3188,Tom,Morrison,0,23358,29
3189,Tom,Muller,0,621,20
3190,Tom,Pashby,0,1466,20
3191,Tom,Pursglove,1,33410,16
3192,Tom,Randall,0,22718,16
3193,Tom,Rogers,0,151,12
3194,Tom,Scott,0,1714,20
3195,Tom,Varghese,0,304,23
3196,Tommy,Sheppard,1,23165,43
3197,Tomos,Davies,0,9707,16
3198,Toni,Brodelle,0,6543,29
3199,Tonia,Antoniazzi,1,20208,26
3200,Tony,Ball,0,1298,20
3201,Tony,Capozzoli,0,689,23
3202,Tony,Curtis,0,3806,16
3203,Tony,Durrant,0,831,23
3204,Tony,Dyer,0,2713,20
3205,Tony,Firkins,0,1133,20
3206,Tony,Francis,0,411,23
3207,Tony,Johnson,0,551,23
3208,Tony,Lloyd,1,24475,26
3209,Tony,Love,0,1493,23
3210,Tony,Lywood,0,17014,26
3211,Tony,Miklinski,0,5961,16
3212,Tony,Tinley,0,18719,26
3213,Tony,Willicombe,0,2842,8
3214,Tony,Wilson,0,5508,26
3215,Tracey,Crouch,1,28856,16
3216,Tracey,Hague,0,759,20
3217,Tracy,Blackwell,0,295,23
3218,Tracy,Brabin,1,22594,27
3219,Tracy,Knowles,0,3538,8
3220,Trevor,Jones,0,1880,8
3221,Trish,Williams,0,9112,26
3222,Tristan,Koriya,0,12787,26
3223,Troy,de Leon,0,600,63
3224,Trudy,Harrison,1,22856,16
3225,Tulip,Siddiq,1,28080,26
3226,Ty,Akram,0,692,20
3227,Tyrone,Scott,0,2948,20
3228,Ukonu,Obasi,0,2584,29
3229,Valerie,Allen,0,12218,16
3230,Valerie,Vaz,1,20872,26
3231,Vanessa,Hudson,0,439,4
3232,Vernon,Coaker,1,22039,26
3233,Vicky,Anderson,0,3703,29
3234,Vicky,Ashworth te Velde,0,10191,26
3235,Vicky,Downie,0,1843,29
3236,Vicky,Ford,1,31934,16
3237,Vicky,Foxcroft,1,39216,26
3238,Victor,Farrell,0,1276,8
3239,Victoria,Atkins,1,38021,16
3240,Victoria,Charleston,0,10544,29
3241,Victoria,Collins,0,7819,29
3242,Victoria,Felton,0,11233,8
3243,Victoria,Prentis,1,34148,16
3244,Victoria,Rance,0,2363,20
3245,Victoria,Smith,0,1274,20
3246,Victoria,Snelling,0,1457,20
3247,Victoria,Stapleton,0,8342,16
3248,Vijay,Singh Srao,0,324,63
3249,Vikki,Slade,0,14650,29
3250,Vince,Maple,0,10316,26
3251,Vincent,Garrington,0,12720,16
3252,Viral,Parikh,0,5047,8
3253,Virendra,Sharma,1,25678,26
3254,Virginia,Crosbie,0,12959,16
3255,Vishal,Khatri,0,1354,8
3256,Vivien,Lichtenstein,0,535,20
3257,Vix,Lowthion,0,11338,20
3258,Waheed,Rafiq,0,760,29
3259,Waj,Ali,0,5930,8
3260,Waqas,Khan,0,850,8
3261,Warren,Fox,0,1847,29
3262,Watts,Stelling,0,1216,23
3263,Wayne,Bridges,0,15284,16
3264,Wayne,David,1,18018,26
3265,Wazz,Mughal,0,14132,16
3266,Wendy,Bailey,0,188,23
3267,Wendy,Chamberlain,0,19763,29
3268,Wendy,Garcarz,0,1441,8
3269,Wendy,Haynes,0,1707,26
3270,Wendy,Maisey,0,19102,16
3271,Wendy,Meikle,0,5043,29
3272,Wendy,Milne,0,10517,26
3273,Wendy,Morton,1,27850,16
3274,Wendy,Olsen,0,778,20
3275,Wendy,Taylor,0,4535,29
3276,Wera,Hobhouse,1,28419,29
3277,Wes,Streeting,1,25323,26
3278,Wes,Walton,0,1504,20
3279,Wesley,Pollard,0,1234,8
3280,Will,Forster,0,16629,29
3281,Will,Quince,1,26917,16
3282,Will,Sapwell,0,1176,29
3283,Will,Sweet,0,18006,16
3284,William,Cash,1,31687,16
3285,William,Clouston,0,281,47
3286,William,Crossman,0,1419,29
3287,William,Irwin,0,11000,18
3288,William,Malloy,0,5959,8
3289,William,Morgan,0,15506,16
3290,William,Relton,0,1600,20
3291,William,Shepherd,0,1514,29
3292,William,Tobin,0,5,23
3293,William,Ward,0,605,20
3294,William,Wragg,1,21592,16
3295,Wisdom,Da Costa,0,376,23
3296,Xander,Bennett,0,67,47
3297,Xingang,Wang,0,12227,16
3298,Yace,Yogenstein,0,23,23
3299,Yasin,Reham,0,646,23
3300,Yasmin,Qureshi,1,21516,26
3301,Yemi,Awolola,0,202,12
3302,Yolande,Kenward,0,358,23
3303,Yosef,David,0,742,8
3304,Yvette,Cooper,1,18297,26
3305,Yvonne,Fovargue,1,19954,26
3306,Yvonne,Murphy,0,16178,26
3307,Zac,Goldsmith,1,26793,16
3308,Zack,Polanski,0,728,20
3309,Zahid,Chauhan,0,6851,26
3310,Zaid,Marham,0,5698,26
3311,Zarah,Sultana,0,19544,26
3312,Zion,Amodu,0,255,12
3313,Zoe,Aspinall,0,1806,20
3314,Zoe,Hammond,0,2286,37
3315,Zoe,Hatch,0,2033,20
3316,Zoe,Mayou,0,14246,26
3317,Zoe,Parker,0,2600,20
3318,Zöe,Franklin,0,22980,29
3319,Zuffar,Haq,0,9103,29
3320,Zulf,Jannaty,0,785,8
